,LOCATION,INDICATOR,SUBJECT,MEASURE,TIME,Value,Country
0,AUS,EDUADULT,BUPPSRY,PC_25_64,2009,28.972523,Australia
1,AUS,EDUADULT,BUPPSRY,PC_25_64,2010,26.792744,Australia
2,AUS,EDUADULT,BUPPSRY,PC_25_64,2011,25.922543,Australia
3,AUS,EDUADULT,BUPPSRY,PC_25_64,2012,23.563389,Australia
4,AUS,EDUADULT,BUPPSRY,PC_25_64,2013,24.28443,Australia
5,AUS,EDUADULT,BUPPSRY,PC_25_64,2014,22.895836,Australia
6,AUS,EDUADULT,BUPPSRY,PC_25_64,2015,20.980895999999998,Australia
7,AUS,EDUADULT,BUPPSRY,PC_25_64,2016,20.067352,Australia
8,AUS,EDUADULT,BUPPSRY,PC_25_64,2017,19.012659,Australia
9,AUS,EDUADULT,BUPPSRY,PC_25_64,2018,18.108641,Australia
10,AUS,EDUADULT,TRY,PC_25_64,2009,36.881355,Australia
11,AUS,EDUADULT,TRY,PC_25_64,2010,37.604309,Australia
12,AUS,EDUADULT,TRY,PC_25_64,2011,38.342071999999995,Australia
13,AUS,EDUADULT,TRY,PC_25_64,2012,41.282364,Australia
14,AUS,EDUADULT,TRY,PC_25_64,2013,39.539928,Australia
15,AUS,EDUADULT,TRY,PC_25_64,2014,41.901855,Australia
16,AUS,EDUADULT,TRY,PC_25_64,2015,42.888756,Australia
17,AUS,EDUADULT,TRY,PC_25_64,2016,43.7439,Australia
18,AUS,EDUADULT,TRY,PC_25_64,2017,45.355675,Australia
19,AUS,EDUADULT,TRY,PC_25_64,2018,45.727478000000005,Australia
20,AUS,EDUADULT,UPPSRY,PC_25_64,2009,34.146122,Australia
21,AUS,EDUADULT,UPPSRY,PC_25_64,2010,35.602947,Australia
22,AUS,EDUADULT,UPPSRY,PC_25_64,2011,35.735386,Australia
23,AUS,EDUADULT,UPPSRY,PC_25_64,2012,35.154247,Australia
24,AUS,EDUADULT,UPPSRY,PC_25_64,2013,36.17564,Australia
25,AUS,EDUADULT,UPPSRY,PC_25_64,2014,35.202309,Australia
26,AUS,EDUADULT,UPPSRY,PC_25_64,2015,36.130348,Australia
27,AUS,EDUADULT,UPPSRY,PC_25_64,2016,36.188747,Australia
28,AUS,EDUADULT,UPPSRY,PC_25_64,2017,35.631668,Australia
29,AUS,EDUADULT,UPPSRY,PC_25_64,2018,36.163879,Australia
30,AUT,EDUADULT,BUPPSRY,PC_25_64,2009,18.354979,Austria
31,AUT,EDUADULT,BUPPSRY,PC_25_64,2010,17.647495000000003,Austria
32,AUT,EDUADULT,BUPPSRY,PC_25_64,2011,17.636829000000002,Austria
33,AUT,EDUADULT,BUPPSRY,PC_25_64,2012,17.08353,Austria
34,AUT,EDUADULT,BUPPSRY,PC_25_64,2013,17.028001999999997,Austria
35,AUT,EDUADULT,BUPPSRY,PC_25_64,2014,16.143998999999997,Austria
36,AUT,EDUADULT,BUPPSRY,PC_25_64,2015,15.351304999999998,Austria
37,AUT,EDUADULT,BUPPSRY,PC_25_64,2016,15.471591,Austria
38,AUT,EDUADULT,BUPPSRY,PC_25_64,2017,15.037576999999999,Austria
39,AUT,EDUADULT,BUPPSRY,PC_25_64,2018,14.702526,Austria
40,AUT,EDUADULT,TRY,PC_25_64,2009,26.895823999999998,Austria
41,AUT,EDUADULT,TRY,PC_25_64,2010,27.743721,Austria
42,AUT,EDUADULT,TRY,PC_25_64,2011,27.956152000000003,Austria
43,AUT,EDUADULT,TRY,PC_25_64,2012,28.739943,Austria
44,AUT,EDUADULT,TRY,PC_25_64,2013,29.738844,Austria
45,AUT,EDUADULT,TRY,PC_25_64,2014,29.904896,Austria
46,AUT,EDUADULT,TRY,PC_25_64,2015,30.550726,Austria
47,AUT,EDUADULT,TRY,PC_25_64,2016,31.383963,Austria
48,AUT,EDUADULT,TRY,PC_25_64,2017,32.39439,Austria
49,AUT,EDUADULT,TRY,PC_25_64,2018,32.711426,Austria
50,AUT,EDUADULT,UPPSRY,PC_25_64,2009,54.74919499999999,Austria
51,AUT,EDUADULT,UPPSRY,PC_25_64,2010,54.608784,Austria
52,AUT,EDUADULT,UPPSRY,PC_25_64,2011,54.407017,Austria
53,AUT,EDUADULT,UPPSRY,PC_25_64,2012,54.176529,Austria
54,AUT,EDUADULT,UPPSRY,PC_25_64,2013,53.233154000000006,Austria
55,AUT,EDUADULT,UPPSRY,PC_25_64,2014,53.951103,Austria
56,AUT,EDUADULT,UPPSRY,PC_25_64,2015,54.09796899999999,Austria
57,AUT,EDUADULT,UPPSRY,PC_25_64,2016,53.14444399999999,Austria
58,AUT,EDUADULT,UPPSRY,PC_25_64,2017,52.568034999999995,Austria
59,AUT,EDUADULT,UPPSRY,PC_25_64,2018,52.586048,Austria
60,BEL,EDUADULT,BUPPSRY,PC_25_64,2009,29.427107,Belgium
61,BEL,EDUADULT,BUPPSRY,PC_25_64,2010,29.500488,Belgium
62,BEL,EDUADULT,BUPPSRY,PC_25_64,2011,28.733294,Belgium
63,BEL,EDUADULT,BUPPSRY,PC_25_64,2012,28.356371000000003,Belgium
64,BEL,EDUADULT,BUPPSRY,PC_25_64,2013,27.241647999999998,Belgium
65,BEL,EDUADULT,BUPPSRY,PC_25_64,2014,26.44935,Belgium
66,BEL,EDUADULT,BUPPSRY,PC_25_64,2015,25.322903,Belgium
67,BEL,EDUADULT,BUPPSRY,PC_25_64,2016,24.905834,Belgium
68,BEL,EDUADULT,BUPPSRY,PC_25_64,2017,23.202787,Belgium
69,BEL,EDUADULT,BUPPSRY,PC_25_64,2018,21.773218,Belgium
70,BEL,EDUADULT,TRY,PC_25_64,2009,33.397053,Belgium
71,BEL,EDUADULT,TRY,PC_25_64,2010,34.989502,Belgium
72,BEL,EDUADULT,TRY,PC_25_64,2011,34.612984000000004,Belgium
73,BEL,EDUADULT,TRY,PC_25_64,2012,35.316551000000004,Belgium
74,BEL,EDUADULT,TRY,PC_25_64,2013,35.535332000000004,Belgium
75,BEL,EDUADULT,TRY,PC_25_64,2014,36.855022,Belgium
76,BEL,EDUADULT,TRY,PC_25_64,2015,36.857422,Belgium
77,BEL,EDUADULT,TRY,PC_25_64,2016,37.503956,Belgium
78,BEL,EDUADULT,TRY,PC_25_64,2017,40.257053000000006,Belgium
79,BEL,EDUADULT,TRY,PC_25_64,2018,40.638546000000005,Belgium
80,BEL,EDUADULT,UPPSRY,PC_25_64,2009,37.175841999999996,Belgium
81,BEL,EDUADULT,UPPSRY,PC_25_64,2010,35.51001,Belgium
82,BEL,EDUADULT,UPPSRY,PC_25_64,2011,36.653725,Belgium
83,BEL,EDUADULT,UPPSRY,PC_25_64,2012,36.32708,Belgium
84,BEL,EDUADULT,UPPSRY,PC_25_64,2013,37.223022,Belgium
85,BEL,EDUADULT,UPPSRY,PC_25_64,2014,36.695625,Belgium
86,BEL,EDUADULT,UPPSRY,PC_25_64,2015,37.819675,Belgium
87,BEL,EDUADULT,UPPSRY,PC_25_64,2016,37.59021,Belgium
88,BEL,EDUADULT,UPPSRY,PC_25_64,2017,36.540157,Belgium
89,BEL,EDUADULT,UPPSRY,PC_25_64,2018,37.588238,Belgium
90,CAN,EDUADULT,BUPPSRY,PC_25_64,2009,12.468069,Canada
91,CAN,EDUADULT,BUPPSRY,PC_25_64,2010,11.736887,Canada
92,CAN,EDUADULT,BUPPSRY,PC_25_64,2011,11.368477,Canada
93,CAN,EDUADULT,BUPPSRY,PC_25_64,2012,11.035321000000001,Canada
94,CAN,EDUADULT,BUPPSRY,PC_25_64,2013,10.45779,Canada
95,CAN,EDUADULT,BUPPSRY,PC_25_64,2014,10.011459,Canada
96,CAN,EDUADULT,BUPPSRY,PC_25_64,2015,9.5978909,Canada
97,CAN,EDUADULT,BUPPSRY,PC_25_64,2016,9.3911886,Canada
98,CAN,EDUADULT,BUPPSRY,PC_25_64,2017,8.8729382,Canada
99,CAN,EDUADULT,BUPPSRY,PC_25_64,2018,8.3779144,Canada
100,CAN,EDUADULT,TRY,PC_25_64,2009,49.290721999999995,Canada
101,CAN,EDUADULT,TRY,PC_25_64,2010,50.311695,Canada
102,CAN,EDUADULT,TRY,PC_25_64,2011,51.033012,Canada
103,CAN,EDUADULT,TRY,PC_25_64,2012,52.305415999999994,Canada
104,CAN,EDUADULT,TRY,PC_25_64,2013,52.971439000000004,Canada
105,CAN,EDUADULT,TRY,PC_25_64,2014,53.614959999999996,Canada
106,CAN,EDUADULT,TRY,PC_25_64,2015,55.17366,Canada
107,CAN,EDUADULT,TRY,PC_25_64,2016,56.26506800000001,Canada
108,CAN,EDUADULT,TRY,PC_25_64,2017,56.71451999999999,Canada
109,CAN,EDUADULT,TRY,PC_25_64,2018,57.888363,Canada
110,CAN,EDUADULT,UPPSRY,PC_25_64,2009,38.241207,Canada
111,CAN,EDUADULT,UPPSRY,PC_25_64,2010,37.95142,Canada
112,CAN,EDUADULT,UPPSRY,PC_25_64,2011,37.598511,Canada
113,CAN,EDUADULT,UPPSRY,PC_25_64,2012,36.659264,Canada
114,CAN,EDUADULT,UPPSRY,PC_25_64,2013,36.57077,Canada
115,CAN,EDUADULT,UPPSRY,PC_25_64,2014,36.373581,Canada
116,CAN,EDUADULT,UPPSRY,PC_25_64,2015,35.228446999999996,Canada
117,CAN,EDUADULT,UPPSRY,PC_25_64,2016,34.343746,Canada
118,CAN,EDUADULT,UPPSRY,PC_25_64,2017,34.412544,Canada
119,CAN,EDUADULT,UPPSRY,PC_25_64,2018,33.733723,Canada
120,CZE,EDUADULT,BUPPSRY,PC_25_64,2009,8.5971041,Czech Republic
121,CZE,EDUADULT,BUPPSRY,PC_25_64,2010,8.0573692,Czech Republic
122,CZE,EDUADULT,BUPPSRY,PC_25_64,2011,7.6677351,Czech Republic
123,CZE,EDUADULT,BUPPSRY,PC_25_64,2012,7.549176200000001,Czech Republic
124,CZE,EDUADULT,BUPPSRY,PC_25_64,2013,7.1797996,Czech Republic
125,CZE,EDUADULT,BUPPSRY,PC_25_64,2014,6.809908900000001,Czech Republic
126,CZE,EDUADULT,BUPPSRY,PC_25_64,2015,6.841207000000001,Czech Republic
127,CZE,EDUADULT,BUPPSRY,PC_25_64,2016,6.5732007,Czech Republic
128,CZE,EDUADULT,BUPPSRY,PC_25_64,2017,6.206314099999999,Czech Republic
129,CZE,EDUADULT,BUPPSRY,PC_25_64,2018,6.139408599999999,Czech Republic
130,CZE,EDUADULT,TRY,PC_25_64,2009,15.544437,Czech Republic
131,CZE,EDUADULT,TRY,PC_25_64,2010,16.764982,Czech Republic
132,CZE,EDUADULT,TRY,PC_25_64,2011,18.243177,Czech Republic
133,CZE,EDUADULT,TRY,PC_25_64,2012,19.277992,Czech Republic
134,CZE,EDUADULT,TRY,PC_25_64,2013,20.45986,Czech Republic
135,CZE,EDUADULT,TRY,PC_25_64,2014,21.51013,Czech Republic
136,CZE,EDUADULT,TRY,PC_25_64,2015,22.186741,Czech Republic
137,CZE,EDUADULT,TRY,PC_25_64,2016,22.971544,Czech Republic
138,CZE,EDUADULT,TRY,PC_25_64,2017,23.927534,Czech Republic
139,CZE,EDUADULT,TRY,PC_25_64,2018,24.262076999999998,Czech Republic
140,CZE,EDUADULT,UPPSRY,PC_25_64,2009,75.858459,Czech Republic
141,CZE,EDUADULT,UPPSRY,PC_25_64,2010,75.17765,Czech Republic
142,CZE,EDUADULT,UPPSRY,PC_25_64,2011,74.089088,Czech Republic
143,CZE,EDUADULT,UPPSRY,PC_25_64,2012,73.17282900000001,Czech Republic
144,CZE,EDUADULT,UPPSRY,PC_25_64,2013,72.360344,Czech Republic
145,CZE,EDUADULT,UPPSRY,PC_25_64,2014,71.679962,Czech Republic
146,CZE,EDUADULT,UPPSRY,PC_25_64,2015,70.972054,Czech Republic
147,CZE,EDUADULT,UPPSRY,PC_25_64,2016,70.45525400000001,Czech Republic
148,CZE,EDUADULT,UPPSRY,PC_25_64,2017,69.86615,Czech Republic
149,CZE,EDUADULT,UPPSRY,PC_25_64,2018,69.598511,Czech Republic
150,DNK,EDUADULT,BUPPSRY,PC_25_64,2009,24.137625,Denmark
151,DNK,EDUADULT,BUPPSRY,PC_25_64,2010,23.289925,Denmark
152,DNK,EDUADULT,BUPPSRY,PC_25_64,2011,22.021439,Denmark
153,DNK,EDUADULT,BUPPSRY,PC_25_64,2012,21.165937,Denmark
154,DNK,EDUADULT,BUPPSRY,PC_25_64,2013,20.812916,Denmark
155,DNK,EDUADULT,BUPPSRY,PC_25_64,2014,20.446317999999998,Denmark
156,DNK,EDUADULT,BUPPSRY,PC_25_64,2015,19.628629999999998,Denmark
157,DNK,EDUADULT,BUPPSRY,PC_25_64,2016,19.726067,Denmark
158,DNK,EDUADULT,BUPPSRY,PC_25_64,2017,19.052462,Denmark
159,DNK,EDUADULT,BUPPSRY,PC_25_64,2018,18.940752,Denmark
160,DNK,EDUADULT,TRY,PC_25_64,2009,32.001427,Denmark
161,DNK,EDUADULT,TRY,PC_25_64,2010,33.002644000000004,Denmark
162,DNK,EDUADULT,TRY,PC_25_64,2011,33.662952000000004,Denmark
163,DNK,EDUADULT,TRY,PC_25_64,2012,34.639697999999996,Denmark
164,DNK,EDUADULT,TRY,PC_25_64,2013,35.204632000000004,Denmark
165,DNK,EDUADULT,TRY,PC_25_64,2014,35.800922,Denmark
166,DNK,EDUADULT,TRY,PC_25_64,2015,37.095581,Denmark
167,DNK,EDUADULT,TRY,PC_25_64,2016,37.766045,Denmark
168,DNK,EDUADULT,TRY,PC_25_64,2017,38.889214,Denmark
169,DNK,EDUADULT,TRY,PC_25_64,2018,39.44791,Denmark
170,DNK,EDUADULT,UPPSRY,PC_25_64,2009,43.86095,Denmark
171,DNK,EDUADULT,UPPSRY,PC_25_64,2010,43.707432,Denmark
172,DNK,EDUADULT,UPPSRY,PC_25_64,2011,44.315609,Denmark
173,DNK,EDUADULT,UPPSRY,PC_25_64,2012,44.194365999999995,Denmark
174,DNK,EDUADULT,UPPSRY,PC_25_64,2013,43.982452,Denmark
175,DNK,EDUADULT,UPPSRY,PC_25_64,2014,43.752758,Denmark
176,DNK,EDUADULT,UPPSRY,PC_25_64,2015,43.275791,Denmark
177,DNK,EDUADULT,UPPSRY,PC_25_64,2016,42.507889,Denmark
178,DNK,EDUADULT,UPPSRY,PC_25_64,2017,42.058323,Denmark
179,DNK,EDUADULT,UPPSRY,PC_25_64,2018,41.611340000000006,Denmark
180,FIN,EDUADULT,BUPPSRY,PC_25_64,2009,18.026873000000002,Finland
181,FIN,EDUADULT,BUPPSRY,PC_25_64,2010,17.01717,Finland
182,FIN,EDUADULT,BUPPSRY,PC_25_64,2011,16.27569,Finland
183,FIN,EDUADULT,BUPPSRY,PC_25_64,2012,15.202716,Finland
184,FIN,EDUADULT,BUPPSRY,PC_25_64,2013,14.109433,Finland
185,FIN,EDUADULT,BUPPSRY,PC_25_64,2014,13.493114000000002,Finland
186,FIN,EDUADULT,BUPPSRY,PC_25_64,2015,12.847135,Finland
187,FIN,EDUADULT,BUPPSRY,PC_25_64,2016,12.091855,Finland
188,FIN,EDUADULT,BUPPSRY,PC_25_64,2017,11.896179,Finland
189,FIN,EDUADULT,BUPPSRY,PC_25_64,2018,10.926194,Finland
190,FIN,EDUADULT,TRY,PC_25_64,2009,37.268574,Finland
191,FIN,EDUADULT,TRY,PC_25_64,2010,38.146343,Finland
192,FIN,EDUADULT,TRY,PC_25_64,2011,39.318207,Finland
193,FIN,EDUADULT,TRY,PC_25_64,2012,39.661289000000004,Finland
194,FIN,EDUADULT,TRY,PC_25_64,2013,40.545231,Finland
195,FIN,EDUADULT,TRY,PC_25_64,2014,41.776676,Finland
196,FIN,EDUADULT,TRY,PC_25_64,2015,42.742619,Finland
197,FIN,EDUADULT,TRY,PC_25_64,2016,43.595264,Finland
198,FIN,EDUADULT,TRY,PC_25_64,2017,44.304253,Finland
199,FIN,EDUADULT,TRY,PC_25_64,2018,45.188133,Finland
200,FIN,EDUADULT,UPPSRY,PC_25_64,2009,44.704552,Finland
201,FIN,EDUADULT,UPPSRY,PC_25_64,2010,44.836487,Finland
202,FIN,EDUADULT,UPPSRY,PC_25_64,2011,44.406101,Finland
203,FIN,EDUADULT,UPPSRY,PC_25_64,2012,45.135994000000004,Finland
204,FIN,EDUADULT,UPPSRY,PC_25_64,2013,45.345337,Finland
205,FIN,EDUADULT,UPPSRY,PC_25_64,2014,44.730209,Finland
206,FIN,EDUADULT,UPPSRY,PC_25_64,2015,44.410244,Finland
207,FIN,EDUADULT,UPPSRY,PC_25_64,2016,44.312881,Finland
208,FIN,EDUADULT,UPPSRY,PC_25_64,2017,43.799568,Finland
209,FIN,EDUADULT,UPPSRY,PC_25_64,2018,43.885674,Finland
210,FRA,EDUADULT,BUPPSRY,PC_25_64,2009,29.745791999999998,France
211,FRA,EDUADULT,BUPPSRY,PC_25_64,2010,29.233321999999998,France
212,FRA,EDUADULT,BUPPSRY,PC_25_64,2011,28.385553,France
213,FRA,EDUADULT,BUPPSRY,PC_25_64,2012,27.465465999999996,France
214,FRA,EDUADULT,BUPPSRY,PC_25_64,2013,25.153783999999998,France
215,FRA,EDUADULT,BUPPSRY,PC_25_64,2014,22.681496,France
216,FRA,EDUADULT,BUPPSRY,PC_25_64,2015,22.467602,France
217,FRA,EDUADULT,BUPPSRY,PC_25_64,2016,21.89171,France
218,FRA,EDUADULT,BUPPSRY,PC_25_64,2017,21.615114000000002,France
219,FRA,EDUADULT,BUPPSRY,PC_25_64,2018,20.640024,France
220,FRA,EDUADULT,TRY,PC_25_64,2009,28.588057,France
221,FRA,EDUADULT,TRY,PC_25_64,2010,29.006897,France
222,FRA,EDUADULT,TRY,PC_25_64,2011,29.767,France
223,FRA,EDUADULT,TRY,PC_25_64,2012,30.856122999999997,France
224,FRA,EDUADULT,TRY,PC_25_64,2013,32.105263,France
225,FRA,EDUADULT,TRY,PC_25_64,2014,33.539047,France
226,FRA,EDUADULT,TRY,PC_25_64,2015,34.085361,France
227,FRA,EDUADULT,TRY,PC_25_64,2016,34.582485,France
228,FRA,EDUADULT,TRY,PC_25_64,2017,35.213791,France
229,FRA,EDUADULT,TRY,PC_25_64,2018,36.897490999999995,France
230,FRA,EDUADULT,UPPSRY,PC_25_64,2009,41.666153,France
231,FRA,EDUADULT,UPPSRY,PC_25_64,2010,41.759781,France
232,FRA,EDUADULT,UPPSRY,PC_25_64,2011,41.847446000000005,France
233,FRA,EDUADULT,UPPSRY,PC_25_64,2012,41.67841,France
234,FRA,EDUADULT,UPPSRY,PC_25_64,2013,42.740952,France
235,FRA,EDUADULT,UPPSRY,PC_25_64,2014,43.779457,France
236,FRA,EDUADULT,UPPSRY,PC_25_64,2015,43.447037,France
237,FRA,EDUADULT,UPPSRY,PC_25_64,2016,43.525806,France
238,FRA,EDUADULT,UPPSRY,PC_25_64,2017,43.171093,France
239,FRA,EDUADULT,UPPSRY,PC_25_64,2018,42.462482,France
240,DEU,EDUADULT,BUPPSRY,PC_25_64,2009,14.520242999999999,Germany
241,DEU,EDUADULT,BUPPSRY,PC_25_64,2010,14.189682999999999,Germany
242,DEU,EDUADULT,BUPPSRY,PC_25_64,2011,13.749629999999998,Germany
243,DEU,EDUADULT,BUPPSRY,PC_25_64,2012,13.699094,Germany
244,DEU,EDUADULT,BUPPSRY,PC_25_64,2013,13.679198999999999,Germany
245,DEU,EDUADULT,BUPPSRY,PC_25_64,2014,13.096583,Germany
246,DEU,EDUADULT,BUPPSRY,PC_25_64,2015,13.208749,Germany
247,DEU,EDUADULT,BUPPSRY,PC_25_64,2016,13.523512,Germany
248,DEU,EDUADULT,BUPPSRY,PC_25_64,2017,13.478389000000002,Germany
249,DEU,EDUADULT,BUPPSRY,PC_25_64,2018,13.324821,Germany
250,DEU,EDUADULT,TRY,PC_25_64,2009,26.385326,Germany
251,DEU,EDUADULT,TRY,PC_25_64,2010,26.609147999999998,Germany
252,DEU,EDUADULT,TRY,PC_25_64,2011,27.562323,Germany
253,DEU,EDUADULT,TRY,PC_25_64,2012,28.121571999999997,Germany
254,DEU,EDUADULT,TRY,PC_25_64,2013,28.47327,Germany
255,DEU,EDUADULT,TRY,PC_25_64,2014,27.057884,Germany
256,DEU,EDUADULT,TRY,PC_25_64,2015,27.638234999999998,Germany
257,DEU,EDUADULT,TRY,PC_25_64,2016,28.291722999999998,Germany
258,DEU,EDUADULT,TRY,PC_25_64,2017,28.583370000000002,Germany
259,DEU,EDUADULT,TRY,PC_25_64,2018,29.065134000000004,Germany
260,DEU,EDUADULT,UPPSRY,PC_25_64,2009,59.094432999999995,Germany
261,DEU,EDUADULT,UPPSRY,PC_25_64,2010,59.201168,Germany
262,DEU,EDUADULT,UPPSRY,PC_25_64,2011,58.688049,Germany
263,DEU,EDUADULT,UPPSRY,PC_25_64,2012,58.179337,Germany
264,DEU,EDUADULT,UPPSRY,PC_25_64,2013,57.847530000000006,Germany
265,DEU,EDUADULT,UPPSRY,PC_25_64,2014,59.84553100000001,Germany
266,DEU,EDUADULT,UPPSRY,PC_25_64,2015,59.153015,Germany
267,DEU,EDUADULT,UPPSRY,PC_25_64,2016,58.184765000000006,Germany
268,DEU,EDUADULT,UPPSRY,PC_25_64,2017,57.93824,Germany
269,DEU,EDUADULT,UPPSRY,PC_25_64,2018,57.610046,Germany
270,GRC,EDUADULT,BUPPSRY,PC_25_64,2009,38.5051,Greece
271,GRC,EDUADULT,BUPPSRY,PC_25_64,2010,37.263659999999994,Greece
272,GRC,EDUADULT,BUPPSRY,PC_25_64,2011,35.445217,Greece
273,GRC,EDUADULT,BUPPSRY,PC_25_64,2012,34.217484000000006,Greece
274,GRC,EDUADULT,BUPPSRY,PC_25_64,2013,32.80518,Greece
275,GRC,EDUADULT,BUPPSRY,PC_25_64,2014,31.733679,Greece
276,GRC,EDUADULT,BUPPSRY,PC_25_64,2015,29.780088,Greece
277,GRC,EDUADULT,BUPPSRY,PC_25_64,2016,28.349746999999997,Greece
278,GRC,EDUADULT,BUPPSRY,PC_25_64,2017,27.290607,Greece
279,GRC,EDUADULT,BUPPSRY,PC_25_64,2018,26.630527,Greece
280,GRC,EDUADULT,TRY,PC_25_64,2009,23.656685,Greece
281,GRC,EDUADULT,TRY,PC_25_64,2010,24.744848,Greece
282,GRC,EDUADULT,TRY,PC_25_64,2011,26.112072,Greece
283,GRC,EDUADULT,TRY,PC_25_64,2012,26.719267,Greece
284,GRC,EDUADULT,TRY,PC_25_64,2013,27.423178000000004,Greece
285,GRC,EDUADULT,TRY,PC_25_64,2014,28.105659000000003,Greece
286,GRC,EDUADULT,TRY,PC_25_64,2015,29.057495,Greece
287,GRC,EDUADULT,TRY,PC_25_64,2016,30.231607,Greece
288,GRC,EDUADULT,TRY,PC_25_64,2017,31.027514,Greece
289,GRC,EDUADULT,TRY,PC_25_64,2018,31.739904,Greece
290,GRC,EDUADULT,UPPSRY,PC_25_64,2009,37.838215000000005,Greece
291,GRC,EDUADULT,UPPSRY,PC_25_64,2010,37.991489,Greece
292,GRC,EDUADULT,UPPSRY,PC_25_64,2011,38.442710999999996,Greece
293,GRC,EDUADULT,UPPSRY,PC_25_64,2012,39.063248,Greece
294,GRC,EDUADULT,UPPSRY,PC_25_64,2013,39.771640999999995,Greece
295,GRC,EDUADULT,UPPSRY,PC_25_64,2014,40.160664000000004,Greece
296,GRC,EDUADULT,UPPSRY,PC_25_64,2015,41.162418,Greece
297,GRC,EDUADULT,UPPSRY,PC_25_64,2016,41.418648,Greece
298,GRC,EDUADULT,UPPSRY,PC_25_64,2017,41.681881,Greece
299,GRC,EDUADULT,UPPSRY,PC_25_64,2018,41.629566,Greece
300,HUN,EDUADULT,BUPPSRY,PC_25_64,2009,19.425785,Hungary
301,HUN,EDUADULT,BUPPSRY,PC_25_64,2010,18.707645,Hungary
302,HUN,EDUADULT,BUPPSRY,PC_25_64,2011,18.232164,Hungary
303,HUN,EDUADULT,BUPPSRY,PC_25_64,2012,17.879883,Hungary
304,HUN,EDUADULT,BUPPSRY,PC_25_64,2013,17.505869,Hungary
305,HUN,EDUADULT,BUPPSRY,PC_25_64,2014,16.905603,Hungary
306,HUN,EDUADULT,BUPPSRY,PC_25_64,2015,16.783051,Hungary
307,HUN,EDUADULT,BUPPSRY,PC_25_64,2016,16.637701,Hungary
308,HUN,EDUADULT,BUPPSRY,PC_25_64,2017,15.97375,Hungary
309,HUN,EDUADULT,BUPPSRY,PC_25_64,2018,15.138174,Hungary
310,HUN,EDUADULT,TRY,PC_25_64,2009,19.86219,Hungary
311,HUN,EDUADULT,TRY,PC_25_64,2010,20.121918,Hungary
312,HUN,EDUADULT,TRY,PC_25_64,2011,21.124001,Hungary
313,HUN,EDUADULT,TRY,PC_25_64,2012,22.046715,Hungary
314,HUN,EDUADULT,TRY,PC_25_64,2013,22.505820999999997,Hungary
315,HUN,EDUADULT,TRY,PC_25_64,2014,23.356073000000002,Hungary
316,HUN,EDUADULT,TRY,PC_25_64,2015,24.242552,Hungary
317,HUN,EDUADULT,TRY,PC_25_64,2016,23.713329,Hungary
318,HUN,EDUADULT,TRY,PC_25_64,2017,24.054041,Hungary
319,HUN,EDUADULT,TRY,PC_25_64,2018,25.101177,Hungary
320,HUN,EDUADULT,UPPSRY,PC_25_64,2009,60.712025,Hungary
321,HUN,EDUADULT,UPPSRY,PC_25_64,2010,61.170437,Hungary
322,HUN,EDUADULT,UPPSRY,PC_25_64,2011,60.643832999999994,Hungary
323,HUN,EDUADULT,UPPSRY,PC_25_64,2012,60.073402,Hungary
324,HUN,EDUADULT,UPPSRY,PC_25_64,2013,59.988312,Hungary
325,HUN,EDUADULT,UPPSRY,PC_25_64,2014,59.738323,Hungary
326,HUN,EDUADULT,UPPSRY,PC_25_64,2015,58.9744,Hungary
327,HUN,EDUADULT,UPPSRY,PC_25_64,2016,59.648968,Hungary
328,HUN,EDUADULT,UPPSRY,PC_25_64,2017,59.97220600000001,Hungary
329,HUN,EDUADULT,UPPSRY,PC_25_64,2018,59.760651,Hungary
330,ISL,EDUADULT,BUPPSRY,PC_25_64,2009,30.005921999999998,Iceland
331,ISL,EDUADULT,BUPPSRY,PC_25_64,2010,29.282290999999997,Iceland
332,ISL,EDUADULT,BUPPSRY,PC_25_64,2011,29.195244,Iceland
333,ISL,EDUADULT,BUPPSRY,PC_25_64,2012,29.207808,Iceland
334,ISL,EDUADULT,BUPPSRY,PC_25_64,2013,27.830322,Iceland
335,ISL,EDUADULT,BUPPSRY,PC_25_64,2014,26.743409999999997,Iceland
336,ISL,EDUADULT,BUPPSRY,PC_25_64,2015,25.303907000000002,Iceland
337,ISL,EDUADULT,BUPPSRY,PC_25_64,2016,22.001960999999998,Iceland
338,ISL,EDUADULT,BUPPSRY,PC_25_64,2017,22.86241,Iceland
339,ISL,EDUADULT,BUPPSRY,PC_25_64,2018,22.127008,Iceland
340,ISL,EDUADULT,TRY,PC_25_64,2009,32.907246,Iceland
341,ISL,EDUADULT,TRY,PC_25_64,2010,32.632442,Iceland
342,ISL,EDUADULT,TRY,PC_25_64,2011,33.774651,Iceland
343,ISL,EDUADULT,TRY,PC_25_64,2012,35.01783,Iceland
344,ISL,EDUADULT,TRY,PC_25_64,2013,36.08242,Iceland
345,ISL,EDUADULT,TRY,PC_25_64,2014,37.088051,Iceland
346,ISL,EDUADULT,TRY,PC_25_64,2015,38.841152,Iceland
347,ISL,EDUADULT,TRY,PC_25_64,2016,40.475002,Iceland
348,ISL,EDUADULT,TRY,PC_25_64,2017,42.38409,Iceland
349,ISL,EDUADULT,TRY,PC_25_64,2018,43.749649,Iceland
350,ISL,EDUADULT,UPPSRY,PC_25_64,2009,37.08683,Iceland
351,ISL,EDUADULT,UPPSRY,PC_25_64,2010,38.085266,Iceland
352,ISL,EDUADULT,UPPSRY,PC_25_64,2011,37.030105999999996,Iceland
353,ISL,EDUADULT,UPPSRY,PC_25_64,2012,35.774364,Iceland
354,ISL,EDUADULT,UPPSRY,PC_25_64,2013,36.087257,Iceland
355,ISL,EDUADULT,UPPSRY,PC_25_64,2014,36.168541,Iceland
356,ISL,EDUADULT,UPPSRY,PC_25_64,2015,35.854942,Iceland
357,ISL,EDUADULT,UPPSRY,PC_25_64,2016,37.523037,Iceland
358,ISL,EDUADULT,UPPSRY,PC_25_64,2017,34.753498,Iceland
359,ISL,EDUADULT,UPPSRY,PC_25_64,2018,34.123340999999996,Iceland
360,IRL,EDUADULT,BUPPSRY,PC_25_64,2009,28.832077,Ireland
361,IRL,EDUADULT,BUPPSRY,PC_25_64,2010,27.225184999999996,Ireland
362,IRL,EDUADULT,BUPPSRY,PC_25_64,2011,26.365326,Ireland
363,IRL,EDUADULT,BUPPSRY,PC_25_64,2012,25.367115,Ireland
364,IRL,EDUADULT,BUPPSRY,PC_25_64,2013,23.273964000000003,Ireland
365,IRL,EDUADULT,BUPPSRY,PC_25_64,2014,21.187292000000003,Ireland
366,IRL,EDUADULT,BUPPSRY,PC_25_64,2015,20.182577,Ireland
367,IRL,EDUADULT,BUPPSRY,PC_25_64,2017,17.994549,Ireland
368,IRL,EDUADULT,BUPPSRY,PC_25_64,2018,16.825432,Ireland
369,IRL,EDUADULT,TRY,PC_25_64,2009,35.822323,Ireland
370,IRL,EDUADULT,TRY,PC_25_64,2010,37.584061,Ireland
371,IRL,EDUADULT,TRY,PC_25_64,2011,38.162312,Ireland
372,IRL,EDUADULT,TRY,PC_25_64,2012,39.69788,Ireland
373,IRL,EDUADULT,TRY,PC_25_64,2013,41.47068,Ireland
374,IRL,EDUADULT,TRY,PC_25_64,2014,40.967048999999996,Ireland
375,IRL,EDUADULT,TRY,PC_25_64,2015,42.806118,Ireland
376,IRL,EDUADULT,TRY,PC_25_64,2017,45.658970000000004,Ireland
377,IRL,EDUADULT,TRY,PC_25_64,2018,46.935134999999995,Ireland
378,IRL,EDUADULT,UPPSRY,PC_25_64,2009,35.3456,Ireland
379,IRL,EDUADULT,UPPSRY,PC_25_64,2010,35.190754,Ireland
380,IRL,EDUADULT,UPPSRY,PC_25_64,2011,35.472363,Ireland
381,IRL,EDUADULT,UPPSRY,PC_25_64,2012,34.935005,Ireland
382,IRL,EDUADULT,UPPSRY,PC_25_64,2013,35.255356,Ireland
383,IRL,EDUADULT,UPPSRY,PC_25_64,2014,37.845661,Ireland
384,IRL,EDUADULT,UPPSRY,PC_25_64,2015,37.011307,Ireland
385,IRL,EDUADULT,UPPSRY,PC_25_64,2017,36.346481,Ireland
386,IRL,EDUADULT,UPPSRY,PC_25_64,2018,36.239433,Ireland
387,ITA,EDUADULT,BUPPSRY,PC_25_64,2009,45.698818,Italy
388,ITA,EDUADULT,BUPPSRY,PC_25_64,2010,44.825645,Italy
389,ITA,EDUADULT,BUPPSRY,PC_25_64,2011,43.971539,Italy
390,ITA,EDUADULT,BUPPSRY,PC_25_64,2012,42.763065000000005,Italy
391,ITA,EDUADULT,BUPPSRY,PC_25_64,2013,41.84333,Italy
392,ITA,EDUADULT,BUPPSRY,PC_25_64,2014,40.693222,Italy
393,ITA,EDUADULT,BUPPSRY,PC_25_64,2015,40.108776,Italy
394,ITA,EDUADULT,BUPPSRY,PC_25_64,2016,39.856853,Italy
395,ITA,EDUADULT,BUPPSRY,PC_25_64,2017,39.084484,Italy
396,ITA,EDUADULT,BUPPSRY,PC_25_64,2018,38.252495,Italy
397,ITA,EDUADULT,TRY,PC_25_64,2009,14.510798000000001,Italy
398,ITA,EDUADULT,TRY,PC_25_64,2010,14.802574,Italy
399,ITA,EDUADULT,TRY,PC_25_64,2011,14.935372000000001,Italy
400,ITA,EDUADULT,TRY,PC_25_64,2012,15.708264000000002,Italy
401,ITA,EDUADULT,TRY,PC_25_64,2013,16.289694,Italy
402,ITA,EDUADULT,TRY,PC_25_64,2014,16.910578,Italy
403,ITA,EDUADULT,TRY,PC_25_64,2015,17.546457,Italy
404,ITA,EDUADULT,TRY,PC_25_64,2016,17.723593,Italy
405,ITA,EDUADULT,TRY,PC_25_64,2017,18.669672,Italy
406,ITA,EDUADULT,TRY,PC_25_64,2018,19.323732,Italy
407,ITA,EDUADULT,UPPSRY,PC_25_64,2009,39.790382,Italy
408,ITA,EDUADULT,UPPSRY,PC_25_64,2010,40.37178,Italy
409,ITA,EDUADULT,UPPSRY,PC_25_64,2011,41.093086,Italy
410,ITA,EDUADULT,UPPSRY,PC_25_64,2012,41.528671,Italy
411,ITA,EDUADULT,UPPSRY,PC_25_64,2013,41.866974,Italy
412,ITA,EDUADULT,UPPSRY,PC_25_64,2014,42.396198,Italy
413,ITA,EDUADULT,UPPSRY,PC_25_64,2015,42.344765,Italy
414,ITA,EDUADULT,UPPSRY,PC_25_64,2016,42.419556,Italy
415,ITA,EDUADULT,UPPSRY,PC_25_64,2017,42.245841999999996,Italy
416,ITA,EDUADULT,UPPSRY,PC_25_64,2018,42.423771,Italy
417,JPN,EDUADULT,TRY,PC_25_64,2009,43.764038,Japan
418,JPN,EDUADULT,TRY,PC_25_64,2010,44.809975,Japan
419,JPN,EDUADULT,TRY,PC_25_64,2011,46.364063,Japan
420,JPN,EDUADULT,TRY,PC_25_64,2012,46.619377,Japan
421,JPN,EDUADULT,TRY,PC_25_64,2013,47.311993,Japan
422,JPN,EDUADULT,TRY,PC_25_64,2014,48.185074,Japan
423,JPN,EDUADULT,TRY,PC_25_64,2015,49.541573,Japan
424,JPN,EDUADULT,TRY,PC_25_64,2016,50.496956,Japan
425,JPN,EDUADULT,TRY,PC_25_64,2017,51.440529,Japan
426,JPN,EDUADULT,TRY,PC_25_64,2018,51.928062,Japan
427,KOR,EDUADULT,BUPPSRY,PC_25_64,2009,19.37129,Korea
428,KOR,EDUADULT,BUPPSRY,PC_25_64,2010,19.059269,Korea
429,KOR,EDUADULT,BUPPSRY,PC_25_64,2011,18.535269,Korea
430,KOR,EDUADULT,BUPPSRY,PC_25_64,2012,17.488157,Korea
431,KOR,EDUADULT,BUPPSRY,PC_25_64,2013,16.277796,Korea
432,KOR,EDUADULT,BUPPSRY,PC_25_64,2014,15.002967000000002,Korea
433,KOR,EDUADULT,BUPPSRY,PC_25_64,2015,14.229398000000002,Korea
434,KOR,EDUADULT,BUPPSRY,PC_25_64,2016,13.227958,Korea
435,KOR,EDUADULT,BUPPSRY,PC_25_64,2017,12.388158,Korea
436,KOR,EDUADULT,BUPPSRY,PC_25_64,2018,11.811645,Korea
437,KOR,EDUADULT,TRY,PC_25_64,2009,38.470245,Korea
438,KOR,EDUADULT,TRY,PC_25_64,2010,39.044632,Korea
439,KOR,EDUADULT,TRY,PC_25_64,2011,40.381783,Korea
440,KOR,EDUADULT,TRY,PC_25_64,2012,41.746613,Korea
441,KOR,EDUADULT,TRY,PC_25_64,2013,43.075195,Korea
442,KOR,EDUADULT,TRY,PC_25_64,2014,44.49865,Korea
443,KOR,EDUADULT,TRY,PC_25_64,2015,45.356678,Korea
444,KOR,EDUADULT,TRY,PC_25_64,2016,46.643951,Korea
445,KOR,EDUADULT,TRY,PC_25_64,2017,47.744724,Korea
446,KOR,EDUADULT,TRY,PC_25_64,2018,49.008511,Korea
447,KOR,EDUADULT,UPPSRY,PC_25_64,2009,42.158466,Korea
448,KOR,EDUADULT,UPPSRY,PC_25_64,2010,41.896099,Korea
449,KOR,EDUADULT,UPPSRY,PC_25_64,2011,41.082951,Korea
450,KOR,EDUADULT,UPPSRY,PC_25_64,2012,40.765228,Korea
451,KOR,EDUADULT,UPPSRY,PC_25_64,2013,40.647007,Korea
452,KOR,EDUADULT,UPPSRY,PC_25_64,2014,40.498385999999996,Korea
453,KOR,EDUADULT,UPPSRY,PC_25_64,2015,40.413925,Korea
454,KOR,EDUADULT,UPPSRY,PC_25_64,2016,40.12809,Korea
455,KOR,EDUADULT,UPPSRY,PC_25_64,2017,39.867115000000005,Korea
456,KOR,EDUADULT,UPPSRY,PC_25_64,2018,39.179844,Korea
457,LUX,EDUADULT,BUPPSRY,PC_25_64,2009,22.655592000000002,Luxembourg
458,LUX,EDUADULT,BUPPSRY,PC_25_64,2010,22.322315,Luxembourg
459,LUX,EDUADULT,BUPPSRY,PC_25_64,2011,22.742352,Luxembourg
460,LUX,EDUADULT,BUPPSRY,PC_25_64,2012,21.69751,Luxembourg
461,LUX,EDUADULT,BUPPSRY,PC_25_64,2013,19.512997,Luxembourg
462,LUX,EDUADULT,BUPPSRY,PC_25_64,2014,18.023409,Luxembourg
463,LUX,EDUADULT,BUPPSRY,PC_25_64,2015,25.391632,Luxembourg
464,LUX,EDUADULT,BUPPSRY,PC_25_64,2016,21.180861,Luxembourg
465,LUX,EDUADULT,BUPPSRY,PC_25_64,2017,23.302259,Luxembourg
466,LUX,EDUADULT,BUPPSRY,PC_25_64,2018,22.764822,Luxembourg
467,LUX,EDUADULT,TRY,PC_25_64,2009,34.795971,Luxembourg
468,LUX,EDUADULT,TRY,PC_25_64,2010,35.475895,Luxembourg
469,LUX,EDUADULT,TRY,PC_25_64,2011,37.034779,Luxembourg
470,LUX,EDUADULT,TRY,PC_25_64,2012,39.110382,Luxembourg
471,LUX,EDUADULT,TRY,PC_25_64,2013,40.673241,Luxembourg
472,LUX,EDUADULT,TRY,PC_25_64,2014,45.935593,Luxembourg
473,LUX,EDUADULT,TRY,PC_25_64,2015,39.794865,Luxembourg
474,LUX,EDUADULT,TRY,PC_25_64,2016,42.856003,Luxembourg
475,LUX,EDUADULT,TRY,PC_25_64,2017,40.325737,Luxembourg
476,LUX,EDUADULT,TRY,PC_25_64,2018,43.886856,Luxembourg
477,LUX,EDUADULT,UPPSRY,PC_25_64,2009,42.548435,Luxembourg
478,LUX,EDUADULT,UPPSRY,PC_25_64,2010,42.20179,Luxembourg
479,LUX,EDUADULT,UPPSRY,PC_25_64,2011,40.22287,Luxembourg
480,LUX,EDUADULT,UPPSRY,PC_25_64,2012,39.192108000000005,Luxembourg
481,LUX,EDUADULT,UPPSRY,PC_25_64,2013,39.813763,Luxembourg
482,LUX,EDUADULT,UPPSRY,PC_25_64,2014,36.041,Luxembourg
483,LUX,EDUADULT,UPPSRY,PC_25_64,2015,34.813503000000004,Luxembourg
484,LUX,EDUADULT,UPPSRY,PC_25_64,2016,35.963139,Luxembourg
485,LUX,EDUADULT,UPPSRY,PC_25_64,2017,36.372005,Luxembourg
486,LUX,EDUADULT,UPPSRY,PC_25_64,2018,33.34832,Luxembourg
487,MEX,EDUADULT,BUPPSRY,PC_25_64,2009,68.709137,Mexico
488,MEX,EDUADULT,BUPPSRY,PC_25_64,2010,67.913872,Mexico
489,MEX,EDUADULT,BUPPSRY,PC_25_64,2011,66.860298,Mexico
490,MEX,EDUADULT,BUPPSRY,PC_25_64,2012,66.01434300000001,Mexico
491,MEX,EDUADULT,BUPPSRY,PC_25_64,2013,65.20922900000001,Mexico
492,MEX,EDUADULT,BUPPSRY,PC_25_64,2014,64.907104,Mexico
493,MEX,EDUADULT,BUPPSRY,PC_25_64,2015,64.336807,Mexico
494,MEX,EDUADULT,BUPPSRY,PC_25_64,2016,63.365210999999995,Mexico
495,MEX,EDUADULT,BUPPSRY,PC_25_64,2017,62.338387,Mexico
496,MEX,EDUADULT,BUPPSRY,PC_25_64,2018,60.853703,Mexico
497,MEX,EDUADULT,TRY,PC_25_64,2009,14.308426999999998,Mexico
498,MEX,EDUADULT,TRY,PC_25_64,2010,14.654601000000001,Mexico
499,MEX,EDUADULT,TRY,PC_25_64,2011,15.012248999999999,Mexico
500,MEX,EDUADULT,TRY,PC_25_64,2012,15.709545,Mexico
501,MEX,EDUADULT,TRY,PC_25_64,2013,16.201829999999998,Mexico
502,MEX,EDUADULT,TRY,PC_25_64,2014,15.996382999999998,Mexico
503,MEX,EDUADULT,TRY,PC_25_64,2015,16.278801,Mexico
504,MEX,EDUADULT,TRY,PC_25_64,2016,16.818604999999998,Mexico
505,MEX,EDUADULT,TRY,PC_25_64,2017,17.418995000000002,Mexico
506,MEX,EDUADULT,TRY,PC_25_64,2018,17.979799,Mexico
507,MEX,EDUADULT,UPPSRY,PC_25_64,2009,16.982433,Mexico
508,MEX,EDUADULT,UPPSRY,PC_25_64,2010,17.431528,Mexico
509,MEX,EDUADULT,UPPSRY,PC_25_64,2011,18.127449,Mexico
510,MEX,EDUADULT,UPPSRY,PC_25_64,2012,18.276107999999997,Mexico
511,MEX,EDUADULT,UPPSRY,PC_25_64,2013,18.58894,Mexico
512,MEX,EDUADULT,UPPSRY,PC_25_64,2014,19.096510000000002,Mexico
513,MEX,EDUADULT,UPPSRY,PC_25_64,2015,19.38439,Mexico
514,MEX,EDUADULT,UPPSRY,PC_25_64,2016,19.816181,Mexico
515,MEX,EDUADULT,UPPSRY,PC_25_64,2017,20.242617000000003,Mexico
516,MEX,EDUADULT,UPPSRY,PC_25_64,2018,21.166498,Mexico
517,NLD,EDUADULT,BUPPSRY,PC_25_64,2009,26.604006,Netherlands
518,NLD,EDUADULT,BUPPSRY,PC_25_64,2010,27.026422999999998,Netherlands
519,NLD,EDUADULT,BUPPSRY,PC_25_64,2011,27.715985999999997,Netherlands
520,NLD,EDUADULT,BUPPSRY,PC_25_64,2012,26.576496000000002,Netherlands
521,NLD,EDUADULT,BUPPSRY,PC_25_64,2013,24.204819,Netherlands
522,NLD,EDUADULT,BUPPSRY,PC_25_64,2014,24.098568,Netherlands
523,NLD,EDUADULT,BUPPSRY,PC_25_64,2015,23.600424,Netherlands
524,NLD,EDUADULT,BUPPSRY,PC_25_64,2016,22.9333,Netherlands
525,NLD,EDUADULT,BUPPSRY,PC_25_64,2017,21.618059,Netherlands
526,NLD,EDUADULT,BUPPSRY,PC_25_64,2018,20.976793,Netherlands
527,NLD,EDUADULT,TRY,PC_25_64,2009,32.785396999999996,Netherlands
528,NLD,EDUADULT,TRY,PC_25_64,2010,32.389164,Netherlands
529,NLD,EDUADULT,TRY,PC_25_64,2011,32.041344,Netherlands
530,NLD,EDUADULT,TRY,PC_25_64,2012,34.398334999999996,Netherlands
531,NLD,EDUADULT,TRY,PC_25_64,2013,33.869305,Netherlands
532,NLD,EDUADULT,TRY,PC_25_64,2014,34.419815,Netherlands
533,NLD,EDUADULT,TRY,PC_25_64,2015,35.330765,Netherlands
534,NLD,EDUADULT,TRY,PC_25_64,2016,35.999168,Netherlands
535,NLD,EDUADULT,TRY,PC_25_64,2017,37.16811,Netherlands
536,NLD,EDUADULT,TRY,PC_25_64,2018,38.343895,Netherlands
537,NLD,EDUADULT,UPPSRY,PC_25_64,2009,40.6106,Netherlands
538,NLD,EDUADULT,UPPSRY,PC_25_64,2010,40.584415,Netherlands
539,NLD,EDUADULT,UPPSRY,PC_25_64,2011,40.242668,Netherlands
540,NLD,EDUADULT,UPPSRY,PC_25_64,2012,39.025169,Netherlands
541,NLD,EDUADULT,UPPSRY,PC_25_64,2013,41.925877,Netherlands
542,NLD,EDUADULT,UPPSRY,PC_25_64,2014,41.481617,Netherlands
543,NLD,EDUADULT,UPPSRY,PC_25_64,2015,41.06881,Netherlands
544,NLD,EDUADULT,UPPSRY,PC_25_64,2016,41.067532,Netherlands
545,NLD,EDUADULT,UPPSRY,PC_25_64,2017,41.213829,Netherlands
546,NLD,EDUADULT,UPPSRY,PC_25_64,2018,40.67931,Netherlands
547,NZL,EDUADULT,BUPPSRY,PC_25_64,2009,27.84214,New Zealand
548,NZL,EDUADULT,BUPPSRY,PC_25_64,2010,26.960302000000002,New Zealand
549,NZL,EDUADULT,BUPPSRY,PC_25_64,2011,25.886049,New Zealand
550,NZL,EDUADULT,BUPPSRY,PC_25_64,2012,25.939383,New Zealand
551,NZL,EDUADULT,BUPPSRY,PC_25_64,2013,28.640007,New Zealand
552,NZL,EDUADULT,BUPPSRY,PC_25_64,2014,25.924784,New Zealand
553,NZL,EDUADULT,BUPPSRY,PC_25_64,2015,25.277622,New Zealand
554,NZL,EDUADULT,BUPPSRY,PC_25_64,2016,23.423424,New Zealand
555,NZL,EDUADULT,BUPPSRY,PC_25_64,2017,21.118554999999997,New Zealand
556,NZL,EDUADULT,BUPPSRY,PC_25_64,2018,19.542797,New Zealand
557,NZL,EDUADULT,TRY,PC_25_64,2014,35.628941,New Zealand
558,NZL,EDUADULT,TRY,PC_25_64,2015,34.040531,New Zealand
559,NZL,EDUADULT,TRY,PC_25_64,2016,36.275139,New Zealand
560,NZL,EDUADULT,TRY,PC_25_64,2017,37.730431,New Zealand
561,NZL,EDUADULT,TRY,PC_25_64,2018,39.292675,New Zealand
562,NZL,EDUADULT,UPPSRY,PC_25_64,2014,38.446278,New Zealand
563,NZL,EDUADULT,UPPSRY,PC_25_64,2015,40.681847,New Zealand
564,NZL,EDUADULT,UPPSRY,PC_25_64,2016,40.301437,New Zealand
565,NZL,EDUADULT,UPPSRY,PC_25_64,2017,41.151012,New Zealand
566,NZL,EDUADULT,UPPSRY,PC_25_64,2018,41.164528000000004,New Zealand
567,NOR,EDUADULT,BUPPSRY,PC_25_64,2009,19.276142,Norway
568,NOR,EDUADULT,BUPPSRY,PC_25_64,2010,19.372442000000003,Norway
569,NOR,EDUADULT,BUPPSRY,PC_25_64,2011,18.103582,Norway
570,NOR,EDUADULT,BUPPSRY,PC_25_64,2012,17.945995,Norway
571,NOR,EDUADULT,BUPPSRY,PC_25_64,2013,17.591412,Norway
572,NOR,EDUADULT,BUPPSRY,PC_25_64,2014,18.052679,Norway
573,NOR,EDUADULT,BUPPSRY,PC_25_64,2015,17.628135999999998,Norway
574,NOR,EDUADULT,BUPPSRY,PC_25_64,2016,17.761009,Norway
575,NOR,EDUADULT,BUPPSRY,PC_25_64,2017,18.030542,Norway
576,NOR,EDUADULT,BUPPSRY,PC_25_64,2018,17.522373,Norway
577,NOR,EDUADULT,TRY,PC_25_64,2009,36.698498,Norway
578,NOR,EDUADULT,TRY,PC_25_64,2010,37.284328,Norway
579,NOR,EDUADULT,TRY,PC_25_64,2011,38.053513,Norway
580,NOR,EDUADULT,TRY,PC_25_64,2012,38.561893,Norway
581,NOR,EDUADULT,TRY,PC_25_64,2013,39.770252,Norway
582,NOR,EDUADULT,TRY,PC_25_64,2014,41.757915000000004,Norway
583,NOR,EDUADULT,TRY,PC_25_64,2015,42.706734000000004,Norway
584,NOR,EDUADULT,TRY,PC_25_64,2016,43.016758,Norway
585,NOR,EDUADULT,TRY,PC_25_64,2017,43.207031,Norway
586,NOR,EDUADULT,TRY,PC_25_64,2018,43.575832,Norway
587,NOR,EDUADULT,UPPSRY,PC_25_64,2009,44.02536,Norway
588,NOR,EDUADULT,UPPSRY,PC_25_64,2010,43.343231,Norway
589,NOR,EDUADULT,UPPSRY,PC_25_64,2011,43.842903,Norway
590,NOR,EDUADULT,UPPSRY,PC_25_64,2012,43.492111,Norway
591,NOR,EDUADULT,UPPSRY,PC_25_64,2013,42.638335999999995,Norway
592,NOR,EDUADULT,UPPSRY,PC_25_64,2014,40.189403999999996,Norway
593,NOR,EDUADULT,UPPSRY,PC_25_64,2015,39.665131,Norway
594,NOR,EDUADULT,UPPSRY,PC_25_64,2016,39.222229,Norway
595,NOR,EDUADULT,UPPSRY,PC_25_64,2017,38.762423999999996,Norway
596,NOR,EDUADULT,UPPSRY,PC_25_64,2018,38.901794,Norway
597,POL,EDUADULT,BUPPSRY,PC_25_64,2009,12.027865,Poland
598,POL,EDUADULT,BUPPSRY,PC_25_64,2010,11.485272,Poland
599,POL,EDUADULT,BUPPSRY,PC_25_64,2011,11.087381,Poland
600,POL,EDUADULT,BUPPSRY,PC_25_64,2012,10.402209,Poland
601,POL,EDUADULT,BUPPSRY,PC_25_64,2013,9.8658543,Poland
602,POL,EDUADULT,BUPPSRY,PC_25_64,2014,9.4829636,Poland
603,POL,EDUADULT,BUPPSRY,PC_25_64,2015,9.2220259,Poland
604,POL,EDUADULT,BUPPSRY,PC_25_64,2016,8.6792269,Poland
605,POL,EDUADULT,BUPPSRY,PC_25_64,2017,7.888699099999999,Poland
606,POL,EDUADULT,BUPPSRY,PC_25_64,2018,7.5521989000000005,Poland
607,POL,EDUADULT,TRY,PC_25_64,2009,21.150869,Poland
608,POL,EDUADULT,TRY,PC_25_64,2010,22.468407,Poland
609,POL,EDUADULT,TRY,PC_25_64,2011,23.283596,Poland
610,POL,EDUADULT,TRY,PC_25_64,2012,24.512804,Poland
611,POL,EDUADULT,TRY,PC_25_64,2013,25.755669,Poland
612,POL,EDUADULT,TRY,PC_25_64,2014,26.995473999999998,Poland
613,POL,EDUADULT,TRY,PC_25_64,2015,27.747266999999997,Poland
614,POL,EDUADULT,TRY,PC_25_64,2016,28.711192999999998,Poland
615,POL,EDUADULT,TRY,PC_25_64,2017,29.919453000000004,Poland
616,POL,EDUADULT,TRY,PC_25_64,2018,30.919591999999998,Poland
617,POL,EDUADULT,UPPSRY,PC_25_64,2009,66.82126600000001,Poland
618,POL,EDUADULT,UPPSRY,PC_25_64,2010,66.046318,Poland
619,POL,EDUADULT,UPPSRY,PC_25_64,2011,65.629021,Poland
620,POL,EDUADULT,UPPSRY,PC_25_64,2012,65.08498399999999,Poland
621,POL,EDUADULT,UPPSRY,PC_25_64,2013,64.378479,Poland
622,POL,EDUADULT,UPPSRY,PC_25_64,2014,63.521564,Poland
623,POL,EDUADULT,UPPSRY,PC_25_64,2015,63.030708,Poland
624,POL,EDUADULT,UPPSRY,PC_25_64,2016,62.609581000000006,Poland
625,POL,EDUADULT,UPPSRY,PC_25_64,2017,62.191849,Poland
626,POL,EDUADULT,UPPSRY,PC_25_64,2018,61.528209999999994,Poland
627,PRT,EDUADULT,BUPPSRY,PC_25_64,2009,70.095329,Portugal
628,PRT,EDUADULT,BUPPSRY,PC_25_64,2010,68.082458,Portugal
629,PRT,EDUADULT,BUPPSRY,PC_25_64,2011,64.972481,Portugal
630,PRT,EDUADULT,BUPPSRY,PC_25_64,2012,62.369896,Portugal
631,PRT,EDUADULT,BUPPSRY,PC_25_64,2013,59.952484,Portugal
632,PRT,EDUADULT,BUPPSRY,PC_25_64,2014,56.719505000000005,Portugal
633,PRT,EDUADULT,BUPPSRY,PC_25_64,2015,54.877064000000004,Portugal
634,PRT,EDUADULT,BUPPSRY,PC_25_64,2016,53.091141,Portugal
635,PRT,EDUADULT,BUPPSRY,PC_25_64,2017,52.04673,Portugal
636,PRT,EDUADULT,BUPPSRY,PC_25_64,2018,50.189827,Portugal
637,PRT,EDUADULT,TRY,PC_25_64,2009,14.666820000000001,Portugal
638,PRT,EDUADULT,TRY,PC_25_64,2010,15.445285,Portugal
639,PRT,EDUADULT,TRY,PC_25_64,2011,17.25703,Portugal
640,PRT,EDUADULT,TRY,PC_25_64,2012,18.534111,Portugal
641,PRT,EDUADULT,TRY,PC_25_64,2013,19.307142000000002,Portugal
642,PRT,EDUADULT,TRY,PC_25_64,2014,21.7169,Portugal
643,PRT,EDUADULT,TRY,PC_25_64,2015,22.857506,Portugal
644,PRT,EDUADULT,TRY,PC_25_64,2016,23.847389,Portugal
645,PRT,EDUADULT,TRY,PC_25_64,2017,24.039421,Portugal
646,PRT,EDUADULT,TRY,PC_25_64,2018,24.984337,Portugal
647,PRT,EDUADULT,UPPSRY,PC_25_64,2009,15.237851999999998,Portugal
648,PRT,EDUADULT,UPPSRY,PC_25_64,2010,16.472258,Portugal
649,PRT,EDUADULT,UPPSRY,PC_25_64,2011,17.770487,Portugal
650,PRT,EDUADULT,UPPSRY,PC_25_64,2012,19.095991,Portugal
651,PRT,EDUADULT,UPPSRY,PC_25_64,2013,20.740372,Portugal
652,PRT,EDUADULT,UPPSRY,PC_25_64,2014,21.563595,Portugal
653,PRT,EDUADULT,UPPSRY,PC_25_64,2015,22.26543,Portugal
654,PRT,EDUADULT,UPPSRY,PC_25_64,2016,23.06147,Portugal
655,PRT,EDUADULT,UPPSRY,PC_25_64,2017,23.913849,Portugal
656,PRT,EDUADULT,UPPSRY,PC_25_64,2018,24.825838,Portugal
657,SVK,EDUADULT,BUPPSRY,PC_25_64,2009,9.0549088,Slovak Republic
658,SVK,EDUADULT,BUPPSRY,PC_25_64,2010,9.034791,Slovak Republic
659,SVK,EDUADULT,BUPPSRY,PC_25_64,2011,8.738518699999998,Slovak Republic
660,SVK,EDUADULT,BUPPSRY,PC_25_64,2012,8.2851295,Slovak Republic
661,SVK,EDUADULT,BUPPSRY,PC_25_64,2013,8.2006197,Slovak Republic
662,SVK,EDUADULT,BUPPSRY,PC_25_64,2014,9.1611462,Slovak Republic
663,SVK,EDUADULT,BUPPSRY,PC_25_64,2015,8.7147398,Slovak Republic
664,SVK,EDUADULT,BUPPSRY,PC_25_64,2016,8.2509651,Slovak Republic
665,SVK,EDUADULT,BUPPSRY,PC_25_64,2017,8.6990681,Slovak Republic
666,SVK,EDUADULT,BUPPSRY,PC_25_64,2018,8.421119699999998,Slovak Republic
667,SVK,EDUADULT,TRY,PC_25_64,2009,15.762831,Slovak Republic
668,SVK,EDUADULT,TRY,PC_25_64,2010,17.327984,Slovak Republic
669,SVK,EDUADULT,TRY,PC_25_64,2011,18.617317,Slovak Republic
670,SVK,EDUADULT,TRY,PC_25_64,2012,18.979084,Slovak Republic
671,SVK,EDUADULT,TRY,PC_25_64,2013,19.87734,Slovak Republic
672,SVK,EDUADULT,TRY,PC_25_64,2014,20.379578,Slovak Republic
673,SVK,EDUADULT,TRY,PC_25_64,2015,21.149881,Slovak Republic
674,SVK,EDUADULT,TRY,PC_25_64,2016,21.979519,Slovak Republic
675,SVK,EDUADULT,TRY,PC_25_64,2017,23.095415,Slovak Republic
676,SVK,EDUADULT,TRY,PC_25_64,2018,24.58342,Slovak Republic
677,SVK,EDUADULT,UPPSRY,PC_25_64,2009,75.182259,Slovak Republic
678,SVK,EDUADULT,UPPSRY,PC_25_64,2010,73.63723,Slovak Republic
679,SVK,EDUADULT,UPPSRY,PC_25_64,2011,72.644165,Slovak Republic
680,SVK,EDUADULT,UPPSRY,PC_25_64,2012,72.735786,Slovak Republic
681,SVK,EDUADULT,UPPSRY,PC_25_64,2013,71.922043,Slovak Republic
682,SVK,EDUADULT,UPPSRY,PC_25_64,2014,70.459274,Slovak Republic
683,SVK,EDUADULT,UPPSRY,PC_25_64,2015,70.13537600000001,Slovak Republic
684,SVK,EDUADULT,UPPSRY,PC_25_64,2016,69.76951600000001,Slovak Republic
685,SVK,EDUADULT,UPPSRY,PC_25_64,2017,68.20552099999999,Slovak Republic
686,SVK,EDUADULT,UPPSRY,PC_25_64,2018,66.99546099999999,Slovak Republic
687,ESP,EDUADULT,BUPPSRY,PC_25_64,2009,48.375060999999995,Spain
688,ESP,EDUADULT,BUPPSRY,PC_25_64,2010,47.127037,Spain
689,ESP,EDUADULT,BUPPSRY,PC_25_64,2011,45.960678,Spain
690,ESP,EDUADULT,BUPPSRY,PC_25_64,2012,45.344112,Spain
691,ESP,EDUADULT,BUPPSRY,PC_25_64,2013,44.545615999999995,Spain
692,ESP,EDUADULT,BUPPSRY,PC_25_64,2014,43.382374,Spain
693,ESP,EDUADULT,BUPPSRY,PC_25_64,2015,42.565994,Spain
694,ESP,EDUADULT,BUPPSRY,PC_25_64,2016,41.726074,Spain
695,ESP,EDUADULT,BUPPSRY,PC_25_64,2017,40.925529,Spain
696,ESP,EDUADULT,BUPPSRY,PC_25_64,2018,39.884182,Spain
697,ESP,EDUADULT,TRY,PC_25_64,2009,29.989544,Spain
698,ESP,EDUADULT,TRY,PC_25_64,2010,31.016668,Spain
699,ESP,EDUADULT,TRY,PC_25_64,2011,31.914559999999998,Spain
700,ESP,EDUADULT,TRY,PC_25_64,2012,32.649994,Spain
701,ESP,EDUADULT,TRY,PC_25_64,2013,33.734821000000004,Spain
702,ESP,EDUADULT,TRY,PC_25_64,2014,34.678776,Spain
703,ESP,EDUADULT,TRY,PC_25_64,2015,35.081161,Spain
704,ESP,EDUADULT,TRY,PC_25_64,2016,35.693489,Spain
705,ESP,EDUADULT,TRY,PC_25_64,2017,36.351273,Spain
706,ESP,EDUADULT,TRY,PC_25_64,2018,37.252804,Spain
707,ESP,EDUADULT,UPPSRY,PC_25_64,2009,21.635395000000003,Spain
708,ESP,EDUADULT,UPPSRY,PC_25_64,2010,21.856297,Spain
709,ESP,EDUADULT,UPPSRY,PC_25_64,2011,22.124760000000002,Spain
710,ESP,EDUADULT,UPPSRY,PC_25_64,2012,22.005894,Spain
711,ESP,EDUADULT,UPPSRY,PC_25_64,2013,21.719563,Spain
712,ESP,EDUADULT,UPPSRY,PC_25_64,2014,21.93885,Spain
713,ESP,EDUADULT,UPPSRY,PC_25_64,2015,22.352846,Spain
714,ESP,EDUADULT,UPPSRY,PC_25_64,2016,22.580437,Spain
715,ESP,EDUADULT,UPPSRY,PC_25_64,2017,22.723195999999998,Spain
716,ESP,EDUADULT,UPPSRY,PC_25_64,2018,22.863016000000002,Spain
717,SWE,EDUADULT,BUPPSRY,PC_25_64,2009,14.261110999999998,Sweden
718,SWE,EDUADULT,BUPPSRY,PC_25_64,2010,13.727367000000001,Sweden
719,SWE,EDUADULT,BUPPSRY,PC_25_64,2011,12.964911,Sweden
720,SWE,EDUADULT,BUPPSRY,PC_25_64,2012,12.497745,Sweden
721,SWE,EDUADULT,BUPPSRY,PC_25_64,2013,11.829718,Sweden
722,SWE,EDUADULT,BUPPSRY,PC_25_64,2014,18.445162,Sweden
723,SWE,EDUADULT,BUPPSRY,PC_25_64,2015,18.024088,Sweden
724,SWE,EDUADULT,BUPPSRY,PC_25_64,2016,17.272491,Sweden
725,SWE,EDUADULT,BUPPSRY,PC_25_64,2017,17.003588,Sweden
726,SWE,EDUADULT,BUPPSRY,PC_25_64,2018,16.712725,Sweden
727,SWE,EDUADULT,TRY,PC_25_64,2009,33.060085,Sweden
728,SWE,EDUADULT,TRY,PC_25_64,2010,33.868935,Sweden
729,SWE,EDUADULT,TRY,PC_25_64,2011,35.174355,Sweden
730,SWE,EDUADULT,TRY,PC_25_64,2012,35.698952,Sweden
731,SWE,EDUADULT,TRY,PC_25_64,2013,37.034386,Sweden
732,SWE,EDUADULT,TRY,PC_25_64,2014,38.700306,Sweden
733,SWE,EDUADULT,TRY,PC_25_64,2015,39.786552,Sweden
734,SWE,EDUADULT,TRY,PC_25_64,2016,41.139179,Sweden
735,SWE,EDUADULT,TRY,PC_25_64,2017,41.936690999999996,Sweden
736,SWE,EDUADULT,TRY,PC_25_64,2018,43.247318,Sweden
737,SWE,EDUADULT,UPPSRY,PC_25_64,2009,52.67880600000001,Sweden
738,SWE,EDUADULT,UPPSRY,PC_25_64,2010,52.403698,Sweden
739,SWE,EDUADULT,UPPSRY,PC_25_64,2011,51.860733,Sweden
740,SWE,EDUADULT,UPPSRY,PC_25_64,2012,51.803307000000004,Sweden
741,SWE,EDUADULT,UPPSRY,PC_25_64,2013,51.135899,Sweden
742,SWE,EDUADULT,UPPSRY,PC_25_64,2014,42.85453,Sweden
743,SWE,EDUADULT,UPPSRY,PC_25_64,2015,42.189362,Sweden
744,SWE,EDUADULT,UPPSRY,PC_25_64,2016,41.588328999999995,Sweden
745,SWE,EDUADULT,UPPSRY,PC_25_64,2017,41.059723,Sweden
746,SWE,EDUADULT,UPPSRY,PC_25_64,2018,40.039955,Sweden
747,CHE,EDUADULT,BUPPSRY,PC_25_64,2009,13.083202,Switzerland
748,CHE,EDUADULT,BUPPSRY,PC_25_64,2010,14.966760999999998,Switzerland
749,CHE,EDUADULT,BUPPSRY,PC_25_64,2011,15.176706,Switzerland
750,CHE,EDUADULT,BUPPSRY,PC_25_64,2012,14.334973000000002,Switzerland
751,CHE,EDUADULT,BUPPSRY,PC_25_64,2013,13.589898999999999,Switzerland
752,CHE,EDUADULT,BUPPSRY,PC_25_64,2014,12.776213,Switzerland
753,CHE,EDUADULT,BUPPSRY,PC_25_64,2015,12.704829,Switzerland
754,CHE,EDUADULT,BUPPSRY,PC_25_64,2016,12.564119,Switzerland
755,CHE,EDUADULT,BUPPSRY,PC_25_64,2017,12.191644,Switzerland
756,CHE,EDUADULT,BUPPSRY,PC_25_64,2018,11.598805,Switzerland
757,CHE,EDUADULT,TRY,PC_25_64,2009,35.020153,Switzerland
758,CHE,EDUADULT,TRY,PC_25_64,2010,33.881504,Switzerland
759,CHE,EDUADULT,TRY,PC_25_64,2011,34.000178999999996,Switzerland
760,CHE,EDUADULT,TRY,PC_25_64,2012,35.291126,Switzerland
761,CHE,EDUADULT,TRY,PC_25_64,2013,37.407191999999995,Switzerland
762,CHE,EDUADULT,TRY,PC_25_64,2014,38.428497,Switzerland
763,CHE,EDUADULT,TRY,PC_25_64,2015,39.782719,Switzerland
764,CHE,EDUADULT,TRY,PC_25_64,2016,41.235473999999996,Switzerland
765,CHE,EDUADULT,TRY,PC_25_64,2017,42.594601000000004,Switzerland
766,CHE,EDUADULT,TRY,PC_25_64,2018,43.744415000000004,Switzerland
767,CHE,EDUADULT,UPPSRY,PC_25_64,2009,51.896645,Switzerland
768,CHE,EDUADULT,UPPSRY,PC_25_64,2010,51.151737,Switzerland
769,CHE,EDUADULT,UPPSRY,PC_25_64,2011,50.823112,Switzerland
770,CHE,EDUADULT,UPPSRY,PC_25_64,2012,50.373901000000004,Switzerland
771,CHE,EDUADULT,UPPSRY,PC_25_64,2013,49.002911,Switzerland
772,CHE,EDUADULT,UPPSRY,PC_25_64,2014,48.795288,Switzerland
773,CHE,EDUADULT,UPPSRY,PC_25_64,2015,47.512451,Switzerland
774,CHE,EDUADULT,UPPSRY,PC_25_64,2016,46.200404999999996,Switzerland
775,CHE,EDUADULT,UPPSRY,PC_25_64,2017,45.213757,Switzerland
776,CHE,EDUADULT,UPPSRY,PC_25_64,2018,44.65678,Switzerland
777,TUR,EDUADULT,BUPPSRY,PC_25_64,2009,68.94503,Turkey
778,TUR,EDUADULT,BUPPSRY,PC_25_64,2010,68.793961,Turkey
779,TUR,EDUADULT,BUPPSRY,PC_25_64,2011,67.851822,Turkey
780,TUR,EDUADULT,BUPPSRY,PC_25_64,2012,66.135818,Turkey
781,TUR,EDUADULT,BUPPSRY,PC_25_64,2013,65.167839,Turkey
782,TUR,EDUADULT,BUPPSRY,PC_25_64,2014,64.367012,Turkey
783,TUR,EDUADULT,BUPPSRY,PC_25_64,2015,63.007553,Turkey
784,TUR,EDUADULT,BUPPSRY,PC_25_64,2016,61.48654200000001,Turkey
785,TUR,EDUADULT,BUPPSRY,PC_25_64,2017,60.708405000000006,Turkey
786,TUR,EDUADULT,BUPPSRY,PC_25_64,2018,59.763054000000004,Turkey
787,TUR,EDUADULT,TRY,PC_25_64,2009,12.710275,Turkey
788,TUR,EDUADULT,TRY,PC_25_64,2010,13.118464000000001,Turkey
789,TUR,EDUADULT,TRY,PC_25_64,2011,14.034094,Turkey
790,TUR,EDUADULT,TRY,PC_25_64,2012,15.290227,Turkey
791,TUR,EDUADULT,TRY,PC_25_64,2013,15.907354999999999,Turkey
792,TUR,EDUADULT,TRY,PC_25_64,2014,16.693634,Turkey
793,TUR,EDUADULT,TRY,PC_25_64,2015,18.020138,Turkey
794,TUR,EDUADULT,TRY,PC_25_64,2016,19.362528,Turkey
795,TUR,EDUADULT,TRY,PC_25_64,2017,20.013071,Turkey
796,TUR,EDUADULT,TRY,PC_25_64,2018,20.780222,Turkey
797,TUR,EDUADULT,UPPSRY,PC_25_64,2009,18.344694,Turkey
798,TUR,EDUADULT,UPPSRY,PC_25_64,2010,18.087578,Turkey
799,TUR,EDUADULT,UPPSRY,PC_25_64,2011,18.114084,Turkey
800,TUR,EDUADULT,UPPSRY,PC_25_64,2012,18.573956,Turkey
801,TUR,EDUADULT,UPPSRY,PC_25_64,2013,18.924805,Turkey
802,TUR,EDUADULT,UPPSRY,PC_25_64,2014,18.939352,Turkey
803,TUR,EDUADULT,UPPSRY,PC_25_64,2015,18.972310999999998,Turkey
804,TUR,EDUADULT,UPPSRY,PC_25_64,2016,19.15093,Turkey
805,TUR,EDUADULT,UPPSRY,PC_25_64,2017,19.278526,Turkey
806,TUR,EDUADULT,UPPSRY,PC_25_64,2018,19.456722,Turkey
807,GBR,EDUADULT,BUPPSRY,PC_25_64,2009,26.256871999999998,United Kingdom
808,GBR,EDUADULT,BUPPSRY,PC_25_64,2010,24.937599,United Kingdom
809,GBR,EDUADULT,BUPPSRY,PC_25_64,2011,23.167467000000002,United Kingdom
810,GBR,EDUADULT,BUPPSRY,PC_25_64,2012,21.91477,United Kingdom
811,GBR,EDUADULT,BUPPSRY,PC_25_64,2013,20.849527,United Kingdom
812,GBR,EDUADULT,BUPPSRY,PC_25_64,2014,20.834970000000002,United Kingdom
813,GBR,EDUADULT,BUPPSRY,PC_25_64,2015,20.38233,United Kingdom
814,GBR,EDUADULT,BUPPSRY,PC_25_64,2016,19.253021,United Kingdom
815,GBR,EDUADULT,BUPPSRY,PC_25_64,2017,18.831131,United Kingdom
816,GBR,EDUADULT,BUPPSRY,PC_25_64,2018,20.707432,United Kingdom
817,GBR,EDUADULT,TRY,PC_25_64,2009,36.984959,United Kingdom
818,GBR,EDUADULT,TRY,PC_25_64,2010,38.187191,United Kingdom
819,GBR,EDUADULT,TRY,PC_25_64,2011,39.412372999999995,United Kingdom
820,GBR,EDUADULT,TRY,PC_25_64,2012,40.977753,United Kingdom
821,GBR,EDUADULT,TRY,PC_25_64,2013,41.891979,United Kingdom
822,GBR,EDUADULT,TRY,PC_25_64,2014,42.217449,United Kingdom
823,GBR,EDUADULT,TRY,PC_25_64,2015,44.197987,United Kingdom
824,GBR,EDUADULT,TRY,PC_25_64,2016,45.766762,United Kingdom
825,GBR,EDUADULT,TRY,PC_25_64,2017,45.744305,United Kingdom
826,GBR,EDUADULT,TRY,PC_25_64,2018,45.781677,United Kingdom
827,GBR,EDUADULT,UPPSRY,PC_25_64,2009,36.758167,United Kingdom
828,GBR,EDUADULT,UPPSRY,PC_25_64,2010,36.875209999999996,United Kingdom
829,GBR,EDUADULT,UPPSRY,PC_25_64,2011,37.420158,United Kingdom
830,GBR,EDUADULT,UPPSRY,PC_25_64,2012,37.107475,United Kingdom
831,GBR,EDUADULT,UPPSRY,PC_25_64,2013,37.258495,United Kingdom
832,GBR,EDUADULT,UPPSRY,PC_25_64,2014,36.947582000000004,United Kingdom
833,GBR,EDUADULT,UPPSRY,PC_25_64,2015,35.419685,United Kingdom
834,GBR,EDUADULT,UPPSRY,PC_25_64,2016,34.980216999999996,United Kingdom
835,GBR,EDUADULT,UPPSRY,PC_25_64,2017,35.424564000000004,United Kingdom
836,GBR,EDUADULT,UPPSRY,PC_25_64,2018,33.510891,United Kingdom
837,USA,EDUADULT,BUPPSRY,PC_25_64,2009,11.355431,United States
838,USA,EDUADULT,BUPPSRY,PC_25_64,2010,11.030482000000001,United States
839,USA,EDUADULT,BUPPSRY,PC_25_64,2011,10.741900999999999,United States
840,USA,EDUADULT,BUPPSRY,PC_25_64,2012,10.692155,United States
841,USA,EDUADULT,BUPPSRY,PC_25_64,2013,10.371985,United States
842,USA,EDUADULT,BUPPSRY,PC_25_64,2014,10.429553,United States
843,USA,EDUADULT,BUPPSRY,PC_25_64,2015,10.457861,United States
844,USA,EDUADULT,BUPPSRY,PC_25_64,2016,9.852749800000002,United States
845,USA,EDUADULT,BUPPSRY,PC_25_64,2017,9.3544931,United States
846,USA,EDUADULT,BUPPSRY,PC_25_64,2018,9.176163699999998,United States
847,USA,EDUADULT,TRY,PC_25_64,2009,41.214626,United States
848,USA,EDUADULT,TRY,PC_25_64,2010,41.662415,United States
849,USA,EDUADULT,TRY,PC_25_64,2011,42.44838,United States
850,USA,EDUADULT,TRY,PC_25_64,2012,43.052437,United States
851,USA,EDUADULT,TRY,PC_25_64,2013,43.910252,United States
852,USA,EDUADULT,TRY,PC_25_64,2014,44.224616999999995,United States
853,USA,EDUADULT,TRY,PC_25_64,2015,44.629397999999995,United States
854,USA,EDUADULT,TRY,PC_25_64,2016,45.666354999999996,United States
855,USA,EDUADULT,TRY,PC_25_64,2017,46.3568,United States
856,USA,EDUADULT,TRY,PC_25_64,2018,47.431145,United States
857,USA,EDUADULT,UPPSRY,PC_25_64,2009,47.429943,United States
858,USA,EDUADULT,UPPSRY,PC_25_64,2010,47.307102,United States
859,USA,EDUADULT,UPPSRY,PC_25_64,2011,46.809719,United States
860,USA,EDUADULT,UPPSRY,PC_25_64,2012,46.255409,United States
861,USA,EDUADULT,UPPSRY,PC_25_64,2013,45.717762,United States
862,USA,EDUADULT,UPPSRY,PC_25_64,2014,45.345833,United States
863,USA,EDUADULT,UPPSRY,PC_25_64,2015,44.912739,United States
864,USA,EDUADULT,UPPSRY,PC_25_64,2016,44.480896,United States
865,USA,EDUADULT,UPPSRY,PC_25_64,2017,44.288703999999996,United States
866,USA,EDUADULT,UPPSRY,PC_25_64,2018,43.392693,United States
867,CHL,EDUADULT,BUPPSRY,PC_25_64,2009,43.493384999999996,Chile
868,CHL,EDUADULT,BUPPSRY,PC_25_64,2011,42.320229,Chile
869,CHL,EDUADULT,BUPPSRY,PC_25_64,2013,38.585766,Chile
870,CHL,EDUADULT,BUPPSRY,PC_25_64,2015,35.133507,Chile
871,CHL,EDUADULT,BUPPSRY,PC_25_64,2017,32.552322,Chile
872,CHL,EDUADULT,TRY,PC_25_64,2009,17.120726,Chile
873,CHL,EDUADULT,TRY,PC_25_64,2011,17.813892000000003,Chile
874,CHL,EDUADULT,TRY,PC_25_64,2013,21.089819,Chile
875,CHL,EDUADULT,TRY,PC_25_64,2015,22.475199,Chile
876,CHL,EDUADULT,TRY,PC_25_64,2017,25.168179000000002,Chile
877,CHL,EDUADULT,UPPSRY,PC_25_64,2009,39.385891,Chile
878,CHL,EDUADULT,UPPSRY,PC_25_64,2011,39.865879,Chile
879,CHL,EDUADULT,UPPSRY,PC_25_64,2013,40.324417,Chile
880,CHL,EDUADULT,UPPSRY,PC_25_64,2015,42.391296000000004,Chile
881,CHL,EDUADULT,UPPSRY,PC_25_64,2017,42.279499,Chile
882,EST,EDUADULT,BUPPSRY,PC_25_64,2009,11.327562,Estonia
883,EST,EDUADULT,BUPPSRY,PC_25_64,2010,10.864561,Estonia
884,EST,EDUADULT,BUPPSRY,PC_25_64,2011,10.989735000000001,Estonia
885,EST,EDUADULT,BUPPSRY,PC_25_64,2012,10.076135,Estonia
886,EST,EDUADULT,BUPPSRY,PC_25_64,2013,9.480652800000001,Estonia
887,EST,EDUADULT,BUPPSRY,PC_25_64,2014,11.895004,Estonia
888,EST,EDUADULT,BUPPSRY,PC_25_64,2015,11.442164,Estonia
889,EST,EDUADULT,BUPPSRY,PC_25_64,2016,11.104439999999999,Estonia
890,EST,EDUADULT,BUPPSRY,PC_25_64,2017,11.317183,Estonia
891,EST,EDUADULT,BUPPSRY,PC_25_64,2018,10.810427,Estonia
892,EST,EDUADULT,TRY,PC_25_64,2009,36.065544,Estonia
893,EST,EDUADULT,TRY,PC_25_64,2010,35.423084,Estonia
894,EST,EDUADULT,TRY,PC_25_64,2011,36.889767,Estonia
895,EST,EDUADULT,TRY,PC_25_64,2012,37.605877,Estonia
896,EST,EDUADULT,TRY,PC_25_64,2013,37.345535,Estonia
897,EST,EDUADULT,TRY,PC_25_64,2014,37.499953999999995,Estonia
898,EST,EDUADULT,TRY,PC_25_64,2015,38.030696999999996,Estonia
899,EST,EDUADULT,TRY,PC_25_64,2016,38.756851,Estonia
900,EST,EDUADULT,TRY,PC_25_64,2017,39.663879,Estonia
901,EST,EDUADULT,TRY,PC_25_64,2018,41.130722,Estonia
902,EST,EDUADULT,UPPSRY,PC_25_64,2009,52.606894999999994,Estonia
903,EST,EDUADULT,UPPSRY,PC_25_64,2010,53.712353,Estonia
904,EST,EDUADULT,UPPSRY,PC_25_64,2011,52.120499,Estonia
905,EST,EDUADULT,UPPSRY,PC_25_64,2012,52.317989000000004,Estonia
906,EST,EDUADULT,UPPSRY,PC_25_64,2013,53.173813,Estonia
907,EST,EDUADULT,UPPSRY,PC_25_64,2014,50.605042,Estonia
908,EST,EDUADULT,UPPSRY,PC_25_64,2015,50.527138,Estonia
909,EST,EDUADULT,UPPSRY,PC_25_64,2016,50.138709999999996,Estonia
910,EST,EDUADULT,UPPSRY,PC_25_64,2017,49.018936,Estonia
911,EST,EDUADULT,UPPSRY,PC_25_64,2018,48.058849,Estonia
912,ISR,EDUADULT,BUPPSRY,PC_25_64,2009,18.222622,Israel
913,ISR,EDUADULT,BUPPSRY,PC_25_64,2010,17.935620999999998,Israel
914,ISR,EDUADULT,BUPPSRY,PC_25_64,2011,16.986902,Israel
915,ISR,EDUADULT,BUPPSRY,PC_25_64,2012,15.451829,Israel
916,ISR,EDUADULT,BUPPSRY,PC_25_64,2013,15.01176,Israel
917,ISR,EDUADULT,BUPPSRY,PC_25_64,2014,14.64511,Israel
918,ISR,EDUADULT,BUPPSRY,PC_25_64,2015,14.464885,Israel
919,ISR,EDUADULT,BUPPSRY,PC_25_64,2016,13.231214999999999,Israel
920,ISR,EDUADULT,BUPPSRY,PC_25_64,2017,12.625726,Israel
921,ISR,EDUADULT,BUPPSRY,PC_25_64,2018,13.634554999999999,Israel
922,ISR,EDUADULT,TRY,PC_25_64,2009,44.880913,Israel
923,ISR,EDUADULT,TRY,PC_25_64,2010,45.560074,Israel
924,ISR,EDUADULT,TRY,PC_25_64,2011,46.396889,Israel
925,ISR,EDUADULT,TRY,PC_25_64,2012,46.441711,Israel
926,ISR,EDUADULT,TRY,PC_25_64,2013,47.421043,Israel
927,ISR,EDUADULT,TRY,PC_25_64,2014,48.53273,Israel
928,ISR,EDUADULT,TRY,PC_25_64,2015,48.824478000000006,Israel
929,ISR,EDUADULT,TRY,PC_25_64,2016,49.895348,Israel
930,ISR,EDUADULT,TRY,PC_25_64,2017,50.91605,Israel
931,ISR,EDUADULT,TRY,PC_25_64,2018,50.201576,Israel
932,ISR,EDUADULT,UPPSRY,PC_25_64,2009,36.896465,Israel
933,ISR,EDUADULT,UPPSRY,PC_25_64,2010,36.504307,Israel
934,ISR,EDUADULT,UPPSRY,PC_25_64,2011,36.616207,Israel
935,ISR,EDUADULT,UPPSRY,PC_25_64,2012,38.106457,Israel
936,ISR,EDUADULT,UPPSRY,PC_25_64,2013,37.567196,Israel
937,ISR,EDUADULT,UPPSRY,PC_25_64,2014,36.822159,Israel
938,ISR,EDUADULT,UPPSRY,PC_25_64,2015,36.710636,Israel
939,ISR,EDUADULT,UPPSRY,PC_25_64,2016,36.87344,Israel
940,ISR,EDUADULT,UPPSRY,PC_25_64,2017,36.458225,Israel
941,ISR,EDUADULT,UPPSRY,PC_25_64,2018,36.163872,Israel
942,LVA,EDUADULT,BUPPSRY,PC_25_64,2009,13.22369,Latvia
943,LVA,EDUADULT,BUPPSRY,PC_25_64,2010,11.396096,Latvia
944,LVA,EDUADULT,BUPPSRY,PC_25_64,2011,12.062219,Latvia
945,LVA,EDUADULT,BUPPSRY,PC_25_64,2012,10.897214,Latvia
946,LVA,EDUADULT,BUPPSRY,PC_25_64,2013,10.645624,Latvia
947,LVA,EDUADULT,BUPPSRY,PC_25_64,2014,13.338798,Latvia
948,LVA,EDUADULT,BUPPSRY,PC_25_64,2015,12.217953,Latvia
949,LVA,EDUADULT,BUPPSRY,PC_25_64,2016,11.318077,Latvia
950,LVA,EDUADULT,BUPPSRY,PC_25_64,2017,12.391879,Latvia
951,LVA,EDUADULT,BUPPSRY,PC_25_64,2018,12.368317999999999,Latvia
952,LVA,EDUADULT,TRY,PC_25_64,2009,25.846195,Latvia
953,LVA,EDUADULT,TRY,PC_25_64,2010,26.946114,Latvia
954,LVA,EDUADULT,TRY,PC_25_64,2011,27.693270000000002,Latvia
955,LVA,EDUADULT,TRY,PC_25_64,2012,29.227177,Latvia
956,LVA,EDUADULT,TRY,PC_25_64,2013,31.011995000000002,Latvia
957,LVA,EDUADULT,TRY,PC_25_64,2014,30.230137,Latvia
958,LVA,EDUADULT,TRY,PC_25_64,2015,31.591949,Latvia
959,LVA,EDUADULT,TRY,PC_25_64,2016,33.361481,Latvia
960,LVA,EDUADULT,TRY,PC_25_64,2017,33.882294,Latvia
961,LVA,EDUADULT,TRY,PC_25_64,2018,33.939289,Latvia
962,LVA,EDUADULT,UPPSRY,PC_25_64,2009,60.930115,Latvia
963,LVA,EDUADULT,UPPSRY,PC_25_64,2010,61.657791,Latvia
964,LVA,EDUADULT,UPPSRY,PC_25_64,2011,60.244510999999996,Latvia
965,LVA,EDUADULT,UPPSRY,PC_25_64,2012,59.875609999999995,Latvia
966,LVA,EDUADULT,UPPSRY,PC_25_64,2013,58.342381,Latvia
967,LVA,EDUADULT,UPPSRY,PC_25_64,2014,56.431065000000004,Latvia
968,LVA,EDUADULT,UPPSRY,PC_25_64,2015,56.190098,Latvia
969,LVA,EDUADULT,UPPSRY,PC_25_64,2016,55.32044200000001,Latvia
970,LVA,EDUADULT,UPPSRY,PC_25_64,2017,53.725826,Latvia
971,LVA,EDUADULT,UPPSRY,PC_25_64,2018,53.69239399999999,Latvia
972,SVN,EDUADULT,BUPPSRY,PC_25_64,2009,16.713486,Slovenia
973,SVN,EDUADULT,BUPPSRY,PC_25_64,2010,16.689947,Slovenia
974,SVN,EDUADULT,BUPPSRY,PC_25_64,2011,15.523709,Slovenia
975,SVN,EDUADULT,BUPPSRY,PC_25_64,2012,15.027220999999999,Slovenia
976,SVN,EDUADULT,BUPPSRY,PC_25_64,2013,14.546692000000002,Slovenia
977,SVN,EDUADULT,BUPPSRY,PC_25_64,2014,14.274657000000001,Slovenia
978,SVN,EDUADULT,BUPPSRY,PC_25_64,2015,13.213673000000002,Slovenia
979,SVN,EDUADULT,BUPPSRY,PC_25_64,2016,12.655439999999999,Slovenia
980,SVN,EDUADULT,BUPPSRY,PC_25_64,2017,12.3177,Slovenia
981,SVN,EDUADULT,BUPPSRY,PC_25_64,2018,11.862703,Slovenia
982,SVN,EDUADULT,TRY,PC_25_64,2009,23.315817000000003,Slovenia
983,SVN,EDUADULT,TRY,PC_25_64,2010,23.716619,Slovenia
984,SVN,EDUADULT,TRY,PC_25_64,2011,25.09059,Slovenia
985,SVN,EDUADULT,TRY,PC_25_64,2012,26.439034999999997,Slovenia
986,SVN,EDUADULT,TRY,PC_25_64,2013,27.880540999999997,Slovenia
987,SVN,EDUADULT,TRY,PC_25_64,2014,28.600915999999998,Slovenia
988,SVN,EDUADULT,TRY,PC_25_64,2015,30.173296,Slovenia
989,SVN,EDUADULT,TRY,PC_25_64,2016,30.735788,Slovenia
990,SVN,EDUADULT,TRY,PC_25_64,2017,34.302807,Slovenia
991,SVN,EDUADULT,TRY,PC_25_64,2018,32.455208,Slovenia
992,SVN,EDUADULT,UPPSRY,PC_25_64,2009,59.97069499999999,Slovenia
993,SVN,EDUADULT,UPPSRY,PC_25_64,2010,59.593433,Slovenia
994,SVN,EDUADULT,UPPSRY,PC_25_64,2011,59.3857,Slovenia
995,SVN,EDUADULT,UPPSRY,PC_25_64,2012,58.533744999999996,Slovenia
996,SVN,EDUADULT,UPPSRY,PC_25_64,2013,57.572768999999994,Slovenia
997,SVN,EDUADULT,UPPSRY,PC_25_64,2014,57.124428,Slovenia
998,SVN,EDUADULT,UPPSRY,PC_25_64,2015,56.613032999999994,Slovenia
999,SVN,EDUADULT,UPPSRY,PC_25_64,2016,56.608771999999995,Slovenia
1000,SVN,EDUADULT,UPPSRY,PC_25_64,2017,53.379493999999994,Slovenia
1001,SVN,EDUADULT,UPPSRY,PC_25_64,2018,55.682087,Slovenia
1002,LTU,EDUADULT,BUPPSRY,PC_25_64,2009,8.6813269,Lithuania
1003,LTU,EDUADULT,BUPPSRY,PC_25_64,2010,8.1011848,Lithuania
1004,LTU,EDUADULT,BUPPSRY,PC_25_64,2011,7.1331868,Lithuania
1005,LTU,EDUADULT,BUPPSRY,PC_25_64,2012,6.676203299999999,Lithuania
1006,LTU,EDUADULT,BUPPSRY,PC_25_64,2013,6.5573592000000005,Lithuania
1007,LTU,EDUADULT,BUPPSRY,PC_25_64,2014,8.8240929,Lithuania
1008,LTU,EDUADULT,BUPPSRY,PC_25_64,2015,8.644216499999999,Lithuania
1009,LTU,EDUADULT,BUPPSRY,PC_25_64,2016,7.484356900000001,Lithuania
1010,LTU,EDUADULT,BUPPSRY,PC_25_64,2017,7.171962299999999,Lithuania
1011,LTU,EDUADULT,BUPPSRY,PC_25_64,2018,7.022464299999999,Lithuania
1012,LTU,EDUADULT,TRY,PC_25_64,2009,30.958277000000002,Lithuania
1013,LTU,EDUADULT,TRY,PC_25_64,2010,32.440028999999996,Lithuania
1014,LTU,EDUADULT,TRY,PC_25_64,2011,33.489258,Lithuania
1015,LTU,EDUADULT,TRY,PC_25_64,2012,34.053779999999996,Lithuania
1016,LTU,EDUADULT,TRY,PC_25_64,2013,35.19833,Lithuania
1017,LTU,EDUADULT,TRY,PC_25_64,2014,36.668087,Lithuania
1018,LTU,EDUADULT,TRY,PC_25_64,2015,38.724106,Lithuania
1019,LTU,EDUADULT,TRY,PC_25_64,2016,39.732628000000005,Lithuania
1020,LTU,EDUADULT,TRY,PC_25_64,2017,40.273941,Lithuania
1021,LTU,EDUADULT,TRY,PC_25_64,2018,41.654594,Lithuania
1022,LTU,EDUADULT,UPPSRY,PC_25_64,2009,60.360397,Lithuania
1023,LTU,EDUADULT,UPPSRY,PC_25_64,2010,59.458785999999996,Lithuania
1024,LTU,EDUADULT,UPPSRY,PC_25_64,2011,59.377556000000006,Lithuania
1025,LTU,EDUADULT,UPPSRY,PC_25_64,2012,59.270019999999995,Lithuania
1026,LTU,EDUADULT,UPPSRY,PC_25_64,2013,58.244312,Lithuania
1027,LTU,EDUADULT,UPPSRY,PC_25_64,2014,54.507819999999995,Lithuania
1028,LTU,EDUADULT,UPPSRY,PC_25_64,2015,52.63168,Lithuania
1029,LTU,EDUADULT,UPPSRY,PC_25_64,2016,52.783016,Lithuania
1030,LTU,EDUADULT,UPPSRY,PC_25_64,2017,52.554095999999994,Lithuania
1031,LTU,EDUADULT,UPPSRY,PC_25_64,2018,51.322941,Lithuania
