,LOCATION,Country,INDICATOR,SUBJECT,MEASURE,Year,Value_edu,Value_tu
0,AUS,Australia,EDUADULT,BUPPSRY,PC_25_64,2009,28.972523,19.6
1,AUS,Australia,EDUADULT,TRY,PC_25_64,2009,36.881355,19.6
2,AUS,Australia,EDUADULT,UPPSRY,PC_25_64,2009,34.146122,19.6
3,AUS,Australia,EDUADULT,BUPPSRY,PC_25_64,2010,26.792744,18.4
4,AUS,Australia,EDUADULT,TRY,PC_25_64,2010,37.604309,18.4
5,AUS,Australia,EDUADULT,UPPSRY,PC_25_64,2010,35.602947,18.4
6,AUS,Australia,EDUADULT,BUPPSRY,PC_25_64,2011,25.922543,18.4
7,AUS,Australia,EDUADULT,TRY,PC_25_64,2011,38.342071999999995,18.4
8,AUS,Australia,EDUADULT,UPPSRY,PC_25_64,2011,35.735386,18.4
9,AUS,Australia,EDUADULT,BUPPSRY,PC_25_64,2012,23.563389,18.2
10,AUS,Australia,EDUADULT,TRY,PC_25_64,2012,41.282364,18.2
11,AUS,Australia,EDUADULT,UPPSRY,PC_25_64,2012,35.154247,18.2
12,AUS,Australia,EDUADULT,BUPPSRY,PC_25_64,2013,24.28443,17.0
14,AUS,Australia,EDUADULT,TRY,PC_25_64,2013,39.539928,17.0
16,AUS,Australia,EDUADULT,UPPSRY,PC_25_64,2013,36.17564,17.0
18,AUS,Australia,EDUADULT,BUPPSRY,PC_25_64,2014,22.895836,15.1
19,AUS,Australia,EDUADULT,TRY,PC_25_64,2014,41.901855,15.1
20,AUS,Australia,EDUADULT,UPPSRY,PC_25_64,2014,35.202309,15.1
21,AUS,Australia,EDUADULT,BUPPSRY,PC_25_64,2016,20.067352,14.6
22,AUS,Australia,EDUADULT,TRY,PC_25_64,2016,43.7439,14.6
23,AUS,Australia,EDUADULT,UPPSRY,PC_25_64,2016,36.188747,14.6
24,AUS,Australia,EDUADULT,BUPPSRY,PC_25_64,2017,19.012659,14.7
25,AUS,Australia,EDUADULT,TRY,PC_25_64,2017,45.355675,14.7
26,AUS,Australia,EDUADULT,UPPSRY,PC_25_64,2017,35.631668,14.7
27,AUS,Australia,EDUADULT,BUPPSRY,PC_25_64,2018,18.108641,13.7
28,AUS,Australia,EDUADULT,TRY,PC_25_64,2018,45.727478000000005,13.7
29,AUS,Australia,EDUADULT,UPPSRY,PC_25_64,2018,36.163879,13.7
30,AUT,Austria,EDUADULT,BUPPSRY,PC_25_64,2009,18.354979,29.3
31,AUT,Austria,EDUADULT,TRY,PC_25_64,2009,26.895823999999998,29.3
32,AUT,Austria,EDUADULT,UPPSRY,PC_25_64,2009,54.74919499999999,29.3
33,AUT,Austria,EDUADULT,BUPPSRY,PC_25_64,2010,17.647495000000003,28.9
34,AUT,Austria,EDUADULT,TRY,PC_25_64,2010,27.743721,28.9
35,AUT,Austria,EDUADULT,UPPSRY,PC_25_64,2010,54.608784,28.9
36,AUT,Austria,EDUADULT,BUPPSRY,PC_25_64,2011,17.636829000000002,28.3
37,AUT,Austria,EDUADULT,TRY,PC_25_64,2011,27.956152000000003,28.3
38,AUT,Austria,EDUADULT,UPPSRY,PC_25_64,2011,54.407017,28.3
39,AUT,Austria,EDUADULT,BUPPSRY,PC_25_64,2012,17.08353,28.0
40,AUT,Austria,EDUADULT,TRY,PC_25_64,2012,28.739943,28.0
41,AUT,Austria,EDUADULT,UPPSRY,PC_25_64,2012,54.176529,28.0
42,AUT,Austria,EDUADULT,BUPPSRY,PC_25_64,2013,17.028001999999997,27.8
43,AUT,Austria,EDUADULT,TRY,PC_25_64,2013,29.738844,27.8
44,AUT,Austria,EDUADULT,UPPSRY,PC_25_64,2013,53.233154000000006,27.8
45,AUT,Austria,EDUADULT,BUPPSRY,PC_25_64,2014,16.143998999999997,27.7
46,AUT,Austria,EDUADULT,TRY,PC_25_64,2014,29.904896,27.7
47,AUT,Austria,EDUADULT,UPPSRY,PC_25_64,2014,53.951103,27.7
48,AUT,Austria,EDUADULT,BUPPSRY,PC_25_64,2015,15.351304999999998,27.4
49,AUT,Austria,EDUADULT,TRY,PC_25_64,2015,30.550726,27.4
50,AUT,Austria,EDUADULT,UPPSRY,PC_25_64,2015,54.09796899999999,27.4
51,AUT,Austria,EDUADULT,BUPPSRY,PC_25_64,2016,15.471591,26.9
52,AUT,Austria,EDUADULT,TRY,PC_25_64,2016,31.383963,26.9
53,AUT,Austria,EDUADULT,UPPSRY,PC_25_64,2016,53.14444399999999,26.9
54,AUT,Austria,EDUADULT,BUPPSRY,PC_25_64,2017,15.037576999999999,26.7
55,AUT,Austria,EDUADULT,TRY,PC_25_64,2017,32.39439,26.7
56,AUT,Austria,EDUADULT,UPPSRY,PC_25_64,2017,52.568034999999995,26.7
57,AUT,Austria,EDUADULT,BUPPSRY,PC_25_64,2018,14.702526,26.3
58,AUT,Austria,EDUADULT,TRY,PC_25_64,2018,32.711426,26.3
59,AUT,Austria,EDUADULT,UPPSRY,PC_25_64,2018,52.586048,26.3
60,BEL,Belgium,EDUADULT,BUPPSRY,PC_25_64,2009,29.427107,54.9
61,BEL,Belgium,EDUADULT,TRY,PC_25_64,2009,33.397053,54.9
62,BEL,Belgium,EDUADULT,UPPSRY,PC_25_64,2009,37.175841999999996,54.9
63,BEL,Belgium,EDUADULT,BUPPSRY,PC_25_64,2010,29.500488,53.8
64,BEL,Belgium,EDUADULT,TRY,PC_25_64,2010,34.989502,53.8
65,BEL,Belgium,EDUADULT,UPPSRY,PC_25_64,2010,35.51001,53.8
66,BEL,Belgium,EDUADULT,BUPPSRY,PC_25_64,2011,28.733294,55.1
67,BEL,Belgium,EDUADULT,TRY,PC_25_64,2011,34.612984000000004,55.1
68,BEL,Belgium,EDUADULT,UPPSRY,PC_25_64,2011,36.653725,55.1
69,BEL,Belgium,EDUADULT,BUPPSRY,PC_25_64,2012,28.356371000000003,55.0
70,BEL,Belgium,EDUADULT,TRY,PC_25_64,2012,35.316551000000004,55.0
71,BEL,Belgium,EDUADULT,UPPSRY,PC_25_64,2012,36.32708,55.0
72,BEL,Belgium,EDUADULT,BUPPSRY,PC_25_64,2013,27.241647999999998,55.1
73,BEL,Belgium,EDUADULT,TRY,PC_25_64,2013,35.535332000000004,55.1
74,BEL,Belgium,EDUADULT,UPPSRY,PC_25_64,2013,37.223022,55.1
75,BEL,Belgium,EDUADULT,BUPPSRY,PC_25_64,2014,26.44935,53.8
76,BEL,Belgium,EDUADULT,TRY,PC_25_64,2014,36.855022,53.8
77,BEL,Belgium,EDUADULT,UPPSRY,PC_25_64,2014,36.695625,53.8
78,BEL,Belgium,EDUADULT,BUPPSRY,PC_25_64,2015,25.322903,54.2
79,BEL,Belgium,EDUADULT,TRY,PC_25_64,2015,36.857422,54.2
80,BEL,Belgium,EDUADULT,UPPSRY,PC_25_64,2015,37.819675,54.2
81,BEL,Belgium,EDUADULT,BUPPSRY,PC_25_64,2016,24.905834,52.8
82,BEL,Belgium,EDUADULT,TRY,PC_25_64,2016,37.503956,52.8
83,BEL,Belgium,EDUADULT,UPPSRY,PC_25_64,2016,37.59021,52.8
84,BEL,Belgium,EDUADULT,BUPPSRY,PC_25_64,2017,23.202787,51.9
85,BEL,Belgium,EDUADULT,TRY,PC_25_64,2017,40.257053000000006,51.9
86,BEL,Belgium,EDUADULT,UPPSRY,PC_25_64,2017,36.540157,51.9
87,BEL,Belgium,EDUADULT,BUPPSRY,PC_25_64,2018,21.773218,50.3
88,BEL,Belgium,EDUADULT,TRY,PC_25_64,2018,40.638546000000005,50.3
89,BEL,Belgium,EDUADULT,UPPSRY,PC_25_64,2018,37.588238,50.3
90,CAN,Canada,EDUADULT,BUPPSRY,PC_25_64,2009,12.468069,30.7
92,CAN,Canada,EDUADULT,TRY,PC_25_64,2009,49.290721999999995,30.7
94,CAN,Canada,EDUADULT,UPPSRY,PC_25_64,2009,38.241207,30.7
96,CAN,Canada,EDUADULT,BUPPSRY,PC_25_64,2010,11.736887,30.1
98,CAN,Canada,EDUADULT,TRY,PC_25_64,2010,50.311695,30.1
100,CAN,Canada,EDUADULT,UPPSRY,PC_25_64,2010,37.95142,30.1
102,CAN,Canada,EDUADULT,BUPPSRY,PC_25_64,2011,11.368477,29.8
104,CAN,Canada,EDUADULT,TRY,PC_25_64,2011,51.033012,29.8
106,CAN,Canada,EDUADULT,UPPSRY,PC_25_64,2011,37.598511,29.8
108,CAN,Canada,EDUADULT,BUPPSRY,PC_25_64,2012,11.035321000000001,29.8
110,CAN,Canada,EDUADULT,TRY,PC_25_64,2012,52.305415999999994,29.8
112,CAN,Canada,EDUADULT,UPPSRY,PC_25_64,2012,36.659264,29.8
114,CAN,Canada,EDUADULT,BUPPSRY,PC_25_64,2013,10.45779,29.2
116,CAN,Canada,EDUADULT,TRY,PC_25_64,2013,52.971439000000004,29.2
118,CAN,Canada,EDUADULT,UPPSRY,PC_25_64,2013,36.57077,29.2
120,CAN,Canada,EDUADULT,BUPPSRY,PC_25_64,2014,10.011459,29.3
122,CAN,Canada,EDUADULT,TRY,PC_25_64,2014,53.614959999999996,29.3
124,CAN,Canada,EDUADULT,UPPSRY,PC_25_64,2014,36.373581,29.3
126,CAN,Canada,EDUADULT,BUPPSRY,PC_25_64,2015,9.5978909,29.4
128,CAN,Canada,EDUADULT,TRY,PC_25_64,2015,55.17366,29.4
130,CAN,Canada,EDUADULT,UPPSRY,PC_25_64,2015,35.228446999999996,29.4
132,CAN,Canada,EDUADULT,BUPPSRY,PC_25_64,2016,9.3911886,26.3
133,CAN,Canada,EDUADULT,TRY,PC_25_64,2016,56.26506800000001,26.3
134,CAN,Canada,EDUADULT,UPPSRY,PC_25_64,2016,34.343746,26.3
135,CAN,Canada,EDUADULT,BUPPSRY,PC_25_64,2017,8.8729382,26.3
136,CAN,Canada,EDUADULT,TRY,PC_25_64,2017,56.71451999999999,26.3
137,CAN,Canada,EDUADULT,UPPSRY,PC_25_64,2017,34.412544,26.3
138,CAN,Canada,EDUADULT,BUPPSRY,PC_25_64,2018,8.3779144,25.9
139,CAN,Canada,EDUADULT,TRY,PC_25_64,2018,57.888363,25.9
140,CAN,Canada,EDUADULT,UPPSRY,PC_25_64,2018,33.733723,25.9
141,CZE,Czech Republic,EDUADULT,BUPPSRY,PC_25_64,2009,8.5971041,16.7
142,CZE,Czech Republic,EDUADULT,TRY,PC_25_64,2009,15.544437,16.7
143,CZE,Czech Republic,EDUADULT,UPPSRY,PC_25_64,2009,75.858459,16.7
144,CZE,Czech Republic,EDUADULT,BUPPSRY,PC_25_64,2010,8.0573692,16.1
145,CZE,Czech Republic,EDUADULT,TRY,PC_25_64,2010,16.764982,16.1
146,CZE,Czech Republic,EDUADULT,UPPSRY,PC_25_64,2010,75.17765,16.1
147,CZE,Czech Republic,EDUADULT,BUPPSRY,PC_25_64,2011,7.6677351,15.4
148,CZE,Czech Republic,EDUADULT,TRY,PC_25_64,2011,18.243177,15.4
149,CZE,Czech Republic,EDUADULT,UPPSRY,PC_25_64,2011,74.089088,15.4
150,CZE,Czech Republic,EDUADULT,BUPPSRY,PC_25_64,2012,7.549176200000001,14.8
151,CZE,Czech Republic,EDUADULT,TRY,PC_25_64,2012,19.277992,14.8
152,CZE,Czech Republic,EDUADULT,UPPSRY,PC_25_64,2012,73.17282900000001,14.8
153,CZE,Czech Republic,EDUADULT,BUPPSRY,PC_25_64,2013,7.1797996,13.6
154,CZE,Czech Republic,EDUADULT,TRY,PC_25_64,2013,20.45986,13.6
155,CZE,Czech Republic,EDUADULT,UPPSRY,PC_25_64,2013,72.360344,13.6
156,CZE,Czech Republic,EDUADULT,BUPPSRY,PC_25_64,2014,6.809908900000001,12.9
157,CZE,Czech Republic,EDUADULT,TRY,PC_25_64,2014,21.51013,12.9
158,CZE,Czech Republic,EDUADULT,UPPSRY,PC_25_64,2014,71.679962,12.9
159,CZE,Czech Republic,EDUADULT,BUPPSRY,PC_25_64,2015,6.841207000000001,12.0
160,CZE,Czech Republic,EDUADULT,TRY,PC_25_64,2015,22.186741,12.0
161,CZE,Czech Republic,EDUADULT,UPPSRY,PC_25_64,2015,70.972054,12.0
162,CZE,Czech Republic,EDUADULT,BUPPSRY,PC_25_64,2016,6.5732007,12.0
163,CZE,Czech Republic,EDUADULT,TRY,PC_25_64,2016,22.971544,12.0
164,CZE,Czech Republic,EDUADULT,UPPSRY,PC_25_64,2016,70.45525400000001,12.0
165,CZE,Czech Republic,EDUADULT,BUPPSRY,PC_25_64,2017,6.206314099999999,11.7
166,CZE,Czech Republic,EDUADULT,TRY,PC_25_64,2017,23.927534,11.7
167,CZE,Czech Republic,EDUADULT,UPPSRY,PC_25_64,2017,69.86615,11.7
168,CZE,Czech Republic,EDUADULT,BUPPSRY,PC_25_64,2018,6.139408599999999,11.5
169,CZE,Czech Republic,EDUADULT,TRY,PC_25_64,2018,24.262076999999998,11.5
170,CZE,Czech Republic,EDUADULT,UPPSRY,PC_25_64,2018,69.598511,11.5
171,DNK,Denmark,EDUADULT,BUPPSRY,PC_25_64,2009,24.137625,67.7
172,DNK,Denmark,EDUADULT,TRY,PC_25_64,2009,32.001427,67.7
173,DNK,Denmark,EDUADULT,UPPSRY,PC_25_64,2009,43.86095,67.7
174,DNK,Denmark,EDUADULT,BUPPSRY,PC_25_64,2010,23.289925,67.2
175,DNK,Denmark,EDUADULT,TRY,PC_25_64,2010,33.002644000000004,67.2
176,DNK,Denmark,EDUADULT,UPPSRY,PC_25_64,2010,43.707432,67.2
177,DNK,Denmark,EDUADULT,BUPPSRY,PC_25_64,2011,22.021439,67.8
178,DNK,Denmark,EDUADULT,TRY,PC_25_64,2011,33.662952000000004,67.8
179,DNK,Denmark,EDUADULT,UPPSRY,PC_25_64,2011,44.315609,67.8
180,DNK,Denmark,EDUADULT,BUPPSRY,PC_25_64,2012,21.165937,68.0
181,DNK,Denmark,EDUADULT,TRY,PC_25_64,2012,34.639697999999996,68.0
182,DNK,Denmark,EDUADULT,UPPSRY,PC_25_64,2012,44.194365999999995,68.0
183,DNK,Denmark,EDUADULT,BUPPSRY,PC_25_64,2013,20.812916,67.8
184,DNK,Denmark,EDUADULT,TRY,PC_25_64,2013,35.204632000000004,67.8
185,DNK,Denmark,EDUADULT,UPPSRY,PC_25_64,2013,43.982452,67.8
186,DNK,Denmark,EDUADULT,BUPPSRY,PC_25_64,2014,20.446317999999998,67.4
187,DNK,Denmark,EDUADULT,TRY,PC_25_64,2014,35.800922,67.4
188,DNK,Denmark,EDUADULT,UPPSRY,PC_25_64,2014,43.752758,67.4
189,DNK,Denmark,EDUADULT,BUPPSRY,PC_25_64,2015,19.628629999999998,67.1
190,DNK,Denmark,EDUADULT,TRY,PC_25_64,2015,37.095581,67.1
191,DNK,Denmark,EDUADULT,UPPSRY,PC_25_64,2015,43.275791,67.1
192,DNK,Denmark,EDUADULT,BUPPSRY,PC_25_64,2016,19.726067,65.5
193,DNK,Denmark,EDUADULT,TRY,PC_25_64,2016,37.766045,65.5
194,DNK,Denmark,EDUADULT,UPPSRY,PC_25_64,2016,42.507889,65.5
195,DNK,Denmark,EDUADULT,BUPPSRY,PC_25_64,2017,19.052462,66.1
196,DNK,Denmark,EDUADULT,TRY,PC_25_64,2017,38.889214,66.1
197,DNK,Denmark,EDUADULT,UPPSRY,PC_25_64,2017,42.058323,66.1
198,DNK,Denmark,EDUADULT,BUPPSRY,PC_25_64,2018,18.940752,66.5
199,DNK,Denmark,EDUADULT,TRY,PC_25_64,2018,39.44791,66.5
200,DNK,Denmark,EDUADULT,UPPSRY,PC_25_64,2018,41.611340000000006,66.5
201,FIN,Finland,EDUADULT,BUPPSRY,PC_25_64,2009,18.026873000000002,71.1
203,FIN,Finland,EDUADULT,TRY,PC_25_64,2009,37.268574,71.1
205,FIN,Finland,EDUADULT,UPPSRY,PC_25_64,2009,44.704552,71.1
207,FIN,Finland,EDUADULT,BUPPSRY,PC_25_64,2010,17.01717,70.3
209,FIN,Finland,EDUADULT,TRY,PC_25_64,2010,38.146343,70.3
211,FIN,Finland,EDUADULT,UPPSRY,PC_25_64,2010,44.836487,70.3
213,FIN,Finland,EDUADULT,BUPPSRY,PC_25_64,2011,16.27569,69.5
215,FIN,Finland,EDUADULT,TRY,PC_25_64,2011,39.318207,69.5
217,FIN,Finland,EDUADULT,UPPSRY,PC_25_64,2011,44.406101,69.5
219,FIN,Finland,EDUADULT,BUPPSRY,PC_25_64,2012,15.202716,69.6
221,FIN,Finland,EDUADULT,TRY,PC_25_64,2012,39.661289000000004,69.6
223,FIN,Finland,EDUADULT,UPPSRY,PC_25_64,2012,45.135994000000004,69.6
225,FIN,Finland,EDUADULT,BUPPSRY,PC_25_64,2013,14.109433,68.2
227,FIN,Finland,EDUADULT,TRY,PC_25_64,2013,40.545231,68.2
229,FIN,Finland,EDUADULT,UPPSRY,PC_25_64,2013,45.345337,68.2
231,FIN,Finland,EDUADULT,BUPPSRY,PC_25_64,2014,13.493114000000002,67.6
233,FIN,Finland,EDUADULT,TRY,PC_25_64,2014,41.776676,67.6
235,FIN,Finland,EDUADULT,UPPSRY,PC_25_64,2014,44.730209,67.6
237,FIN,Finland,EDUADULT,BUPPSRY,PC_25_64,2015,12.847135,66.4
239,FIN,Finland,EDUADULT,TRY,PC_25_64,2015,42.742619,66.4
241,FIN,Finland,EDUADULT,UPPSRY,PC_25_64,2015,44.410244,66.4
243,FIN,Finland,EDUADULT,BUPPSRY,PC_25_64,2016,12.091855,64.9
245,FIN,Finland,EDUADULT,TRY,PC_25_64,2016,43.595264,64.9
247,FIN,Finland,EDUADULT,UPPSRY,PC_25_64,2016,44.312881,64.9
249,FIN,Finland,EDUADULT,BUPPSRY,PC_25_64,2017,11.896179,62.2
251,FIN,Finland,EDUADULT,TRY,PC_25_64,2017,44.304253,62.2
253,FIN,Finland,EDUADULT,UPPSRY,PC_25_64,2017,43.799568,62.2
255,FIN,Finland,EDUADULT,BUPPSRY,PC_25_64,2018,10.926194,60.3
256,FIN,Finland,EDUADULT,TRY,PC_25_64,2018,45.188133,60.3
257,FIN,Finland,EDUADULT,UPPSRY,PC_25_64,2018,43.885674,60.3
258,FRA,France,EDUADULT,BUPPSRY,PC_25_64,2009,29.745791999999998,8.8
259,FRA,France,EDUADULT,TRY,PC_25_64,2009,28.588057,8.8
260,FRA,France,EDUADULT,UPPSRY,PC_25_64,2009,41.666153,8.8
261,FRA,France,EDUADULT,BUPPSRY,PC_25_64,2010,29.233321999999998,9.0
263,FRA,France,EDUADULT,TRY,PC_25_64,2010,29.006897,9.0
265,FRA,France,EDUADULT,UPPSRY,PC_25_64,2010,41.759781,9.0
267,FRA,France,EDUADULT,BUPPSRY,PC_25_64,2011,28.385553,9.1
268,FRA,France,EDUADULT,TRY,PC_25_64,2011,29.767,9.1
269,FRA,France,EDUADULT,UPPSRY,PC_25_64,2011,41.847446000000005,9.1
270,FRA,France,EDUADULT,BUPPSRY,PC_25_64,2012,27.465465999999996,9.1
271,FRA,France,EDUADULT,TRY,PC_25_64,2012,30.856122999999997,9.1
272,FRA,France,EDUADULT,UPPSRY,PC_25_64,2012,41.67841,9.1
273,FRA,France,EDUADULT,BUPPSRY,PC_25_64,2013,25.153783999999998,9.0
275,FRA,France,EDUADULT,TRY,PC_25_64,2013,32.105263,9.0
277,FRA,France,EDUADULT,UPPSRY,PC_25_64,2013,42.740952,9.0
279,FRA,France,EDUADULT,BUPPSRY,PC_25_64,2014,22.681496,9.0
280,FRA,France,EDUADULT,TRY,PC_25_64,2014,33.539047,9.0
281,FRA,France,EDUADULT,UPPSRY,PC_25_64,2014,43.779457,9.0
282,FRA,France,EDUADULT,BUPPSRY,PC_25_64,2015,22.467602,9.0
283,FRA,France,EDUADULT,TRY,PC_25_64,2015,34.085361,9.0
284,FRA,France,EDUADULT,UPPSRY,PC_25_64,2015,43.447037,9.0
285,FRA,France,EDUADULT,BUPPSRY,PC_25_64,2016,21.89171,9.0
287,FRA,France,EDUADULT,TRY,PC_25_64,2016,34.582485,9.0
289,FRA,France,EDUADULT,UPPSRY,PC_25_64,2016,43.525806,9.0
291,FRA,France,EDUADULT,BUPPSRY,PC_25_64,2017,21.615114000000002,8.9
292,FRA,France,EDUADULT,TRY,PC_25_64,2017,35.213791,8.9
293,FRA,France,EDUADULT,UPPSRY,PC_25_64,2017,43.171093,8.9
294,FRA,France,EDUADULT,BUPPSRY,PC_25_64,2018,20.640024,8.8
295,FRA,France,EDUADULT,TRY,PC_25_64,2018,36.897490999999995,8.8
296,FRA,France,EDUADULT,UPPSRY,PC_25_64,2018,42.462482,8.8
297,DEU,Germany,EDUADULT,BUPPSRY,PC_25_64,2009,14.520242999999999,18.8
298,DEU,Germany,EDUADULT,TRY,PC_25_64,2009,26.385326,18.8
299,DEU,Germany,EDUADULT,UPPSRY,PC_25_64,2009,59.094432999999995,18.8
300,DEU,Germany,EDUADULT,BUPPSRY,PC_25_64,2010,14.189682999999999,18.9
301,DEU,Germany,EDUADULT,TRY,PC_25_64,2010,26.609147999999998,18.9
302,DEU,Germany,EDUADULT,UPPSRY,PC_25_64,2010,59.201168,18.9
303,DEU,Germany,EDUADULT,BUPPSRY,PC_25_64,2011,13.749629999999998,18.4
304,DEU,Germany,EDUADULT,TRY,PC_25_64,2011,27.562323,18.4
305,DEU,Germany,EDUADULT,UPPSRY,PC_25_64,2011,58.688049,18.4
306,DEU,Germany,EDUADULT,BUPPSRY,PC_25_64,2012,13.699094,18.3
307,DEU,Germany,EDUADULT,TRY,PC_25_64,2012,28.121571999999997,18.3
308,DEU,Germany,EDUADULT,UPPSRY,PC_25_64,2012,58.179337,18.3
309,DEU,Germany,EDUADULT,BUPPSRY,PC_25_64,2013,13.679198999999999,18.0
310,DEU,Germany,EDUADULT,TRY,PC_25_64,2013,28.47327,18.0
311,DEU,Germany,EDUADULT,UPPSRY,PC_25_64,2013,57.847530000000006,18.0
312,DEU,Germany,EDUADULT,BUPPSRY,PC_25_64,2014,13.096583,17.7
313,DEU,Germany,EDUADULT,TRY,PC_25_64,2014,27.057884,17.7
314,DEU,Germany,EDUADULT,UPPSRY,PC_25_64,2014,59.84553100000001,17.7
315,DEU,Germany,EDUADULT,BUPPSRY,PC_25_64,2015,13.208749,17.6
316,DEU,Germany,EDUADULT,TRY,PC_25_64,2015,27.638234999999998,17.6
317,DEU,Germany,EDUADULT,UPPSRY,PC_25_64,2015,59.153015,17.6
318,DEU,Germany,EDUADULT,BUPPSRY,PC_25_64,2016,13.523512,17.0
319,DEU,Germany,EDUADULT,TRY,PC_25_64,2016,28.291722999999998,17.0
320,DEU,Germany,EDUADULT,UPPSRY,PC_25_64,2016,58.184765000000006,17.0
321,DEU,Germany,EDUADULT,BUPPSRY,PC_25_64,2017,13.478389000000002,16.7
322,DEU,Germany,EDUADULT,TRY,PC_25_64,2017,28.583370000000002,16.7
323,DEU,Germany,EDUADULT,UPPSRY,PC_25_64,2017,57.93824,16.7
324,DEU,Germany,EDUADULT,BUPPSRY,PC_25_64,2018,13.324821,16.5
325,DEU,Germany,EDUADULT,TRY,PC_25_64,2018,29.065134000000004,16.5
326,DEU,Germany,EDUADULT,UPPSRY,PC_25_64,2018,57.610046,16.5
327,GRC,Greece,EDUADULT,BUPPSRY,PC_25_64,2010,37.263659999999994,22.2
328,GRC,Greece,EDUADULT,TRY,PC_25_64,2010,24.744848,22.2
329,GRC,Greece,EDUADULT,UPPSRY,PC_25_64,2010,37.991489,22.2
330,GRC,Greece,EDUADULT,BUPPSRY,PC_25_64,2013,32.80518,23.1
331,GRC,Greece,EDUADULT,TRY,PC_25_64,2013,27.423178000000004,23.1
332,GRC,Greece,EDUADULT,UPPSRY,PC_25_64,2013,39.771640999999995,23.1
333,GRC,Greece,EDUADULT,BUPPSRY,PC_25_64,2016,28.349746999999997,20.2
334,GRC,Greece,EDUADULT,TRY,PC_25_64,2016,30.231607,20.2
335,GRC,Greece,EDUADULT,UPPSRY,PC_25_64,2016,41.418648,20.2
336,HUN,Hungary,EDUADULT,BUPPSRY,PC_25_64,2009,19.425785,11.9
337,HUN,Hungary,EDUADULT,TRY,PC_25_64,2009,19.86219,11.9
338,HUN,Hungary,EDUADULT,UPPSRY,PC_25_64,2009,60.712025,11.9
339,HUN,Hungary,EDUADULT,BUPPSRY,PC_25_64,2012,17.879883,11.8
340,HUN,Hungary,EDUADULT,TRY,PC_25_64,2012,22.046715,11.8
341,HUN,Hungary,EDUADULT,UPPSRY,PC_25_64,2012,60.073402,11.8
342,HUN,Hungary,EDUADULT,BUPPSRY,PC_25_64,2013,17.505869,11.1
343,HUN,Hungary,EDUADULT,TRY,PC_25_64,2013,22.505820999999997,11.1
344,HUN,Hungary,EDUADULT,UPPSRY,PC_25_64,2013,59.988312,11.1
345,HUN,Hungary,EDUADULT,BUPPSRY,PC_25_64,2014,16.905603,10.2
346,HUN,Hungary,EDUADULT,TRY,PC_25_64,2014,23.356073000000002,10.2
347,HUN,Hungary,EDUADULT,UPPSRY,PC_25_64,2014,59.738323,10.2
348,HUN,Hungary,EDUADULT,BUPPSRY,PC_25_64,2015,16.783051,9.0
350,HUN,Hungary,EDUADULT,TRY,PC_25_64,2015,24.242552,9.0
352,HUN,Hungary,EDUADULT,UPPSRY,PC_25_64,2015,58.9744,9.0
354,HUN,Hungary,EDUADULT,BUPPSRY,PC_25_64,2016,16.637701,8.5
355,HUN,Hungary,EDUADULT,TRY,PC_25_64,2016,23.713329,8.5
356,HUN,Hungary,EDUADULT,UPPSRY,PC_25_64,2016,59.648968,8.5
357,HUN,Hungary,EDUADULT,BUPPSRY,PC_25_64,2017,15.97375,8.1
358,HUN,Hungary,EDUADULT,TRY,PC_25_64,2017,24.054041,8.1
359,HUN,Hungary,EDUADULT,UPPSRY,PC_25_64,2017,59.97220600000001,8.1
360,HUN,Hungary,EDUADULT,BUPPSRY,PC_25_64,2018,15.138174,7.9
361,HUN,Hungary,EDUADULT,TRY,PC_25_64,2018,25.101177,7.9
362,HUN,Hungary,EDUADULT,UPPSRY,PC_25_64,2018,59.760651,7.9
363,ISL,Iceland,EDUADULT,BUPPSRY,PC_25_64,2009,30.005921999999998,84.9
364,ISL,Iceland,EDUADULT,TRY,PC_25_64,2009,32.907246,84.9
365,ISL,Iceland,EDUADULT,UPPSRY,PC_25_64,2009,37.08683,84.9
366,ISL,Iceland,EDUADULT,BUPPSRY,PC_25_64,2010,29.282290999999997,85.2
367,ISL,Iceland,EDUADULT,TRY,PC_25_64,2010,32.632442,85.2
368,ISL,Iceland,EDUADULT,UPPSRY,PC_25_64,2010,38.085266,85.2
369,ISL,Iceland,EDUADULT,BUPPSRY,PC_25_64,2011,29.195244,83.4
371,ISL,Iceland,EDUADULT,TRY,PC_25_64,2011,33.774651,83.4
373,ISL,Iceland,EDUADULT,UPPSRY,PC_25_64,2011,37.030105999999996,83.4
375,ISL,Iceland,EDUADULT,BUPPSRY,PC_25_64,2012,29.207808,85.3
376,ISL,Iceland,EDUADULT,TRY,PC_25_64,2012,35.01783,85.3
377,ISL,Iceland,EDUADULT,UPPSRY,PC_25_64,2012,35.774364,85.3
378,ISL,Iceland,EDUADULT,BUPPSRY,PC_25_64,2013,27.830322,87.8
380,ISL,Iceland,EDUADULT,TRY,PC_25_64,2013,36.08242,87.8
382,ISL,Iceland,EDUADULT,UPPSRY,PC_25_64,2013,36.087257,87.8
384,ISL,Iceland,EDUADULT,BUPPSRY,PC_25_64,2014,26.743409999999997,90.4
385,ISL,Iceland,EDUADULT,TRY,PC_25_64,2014,37.088051,90.4
386,ISL,Iceland,EDUADULT,UPPSRY,PC_25_64,2014,36.168541,90.4
387,ISL,Iceland,EDUADULT,BUPPSRY,PC_25_64,2015,25.303907000000002,90.0
389,ISL,Iceland,EDUADULT,TRY,PC_25_64,2015,38.841152,90.0
391,ISL,Iceland,EDUADULT,UPPSRY,PC_25_64,2015,35.854942,90.0
393,ISL,Iceland,EDUADULT,BUPPSRY,PC_25_64,2016,22.001960999999998,89.8
395,ISL,Iceland,EDUADULT,TRY,PC_25_64,2016,40.475002,89.8
397,ISL,Iceland,EDUADULT,UPPSRY,PC_25_64,2016,37.523037,89.8
399,ISL,Iceland,EDUADULT,BUPPSRY,PC_25_64,2017,22.86241,91.0
400,ISL,Iceland,EDUADULT,TRY,PC_25_64,2017,42.38409,91.0
401,ISL,Iceland,EDUADULT,UPPSRY,PC_25_64,2017,34.753498,91.0
402,ISL,Iceland,EDUADULT,BUPPSRY,PC_25_64,2018,22.127008,91.8
404,ISL,Iceland,EDUADULT,TRY,PC_25_64,2018,43.749649,91.8
406,ISL,Iceland,EDUADULT,UPPSRY,PC_25_64,2018,34.123340999999996,91.8
408,IRL,Ireland,EDUADULT,BUPPSRY,PC_25_64,2009,28.832077,31.5
410,IRL,Ireland,EDUADULT,TRY,PC_25_64,2009,35.822323,31.5
412,IRL,Ireland,EDUADULT,UPPSRY,PC_25_64,2009,35.3456,31.5
414,IRL,Ireland,EDUADULT,BUPPSRY,PC_25_64,2010,27.225184999999996,33.5
416,IRL,Ireland,EDUADULT,TRY,PC_25_64,2010,37.584061,33.5
418,IRL,Ireland,EDUADULT,UPPSRY,PC_25_64,2010,35.190754,33.5
420,IRL,Ireland,EDUADULT,BUPPSRY,PC_25_64,2011,26.365326,32.7
422,IRL,Ireland,EDUADULT,TRY,PC_25_64,2011,38.162312,32.7
424,IRL,Ireland,EDUADULT,UPPSRY,PC_25_64,2011,35.472363,32.7
426,IRL,Ireland,EDUADULT,BUPPSRY,PC_25_64,2012,25.367115,30.1
427,IRL,Ireland,EDUADULT,TRY,PC_25_64,2012,39.69788,30.1
428,IRL,Ireland,EDUADULT,UPPSRY,PC_25_64,2012,34.935005,30.1
429,IRL,Ireland,EDUADULT,BUPPSRY,PC_25_64,2013,23.273964000000003,30.5
431,IRL,Ireland,EDUADULT,TRY,PC_25_64,2013,41.47068,30.5
433,IRL,Ireland,EDUADULT,UPPSRY,PC_25_64,2013,35.255356,30.5
435,IRL,Ireland,EDUADULT,BUPPSRY,PC_25_64,2014,21.187292000000003,26.3
436,IRL,Ireland,EDUADULT,TRY,PC_25_64,2014,40.967048999999996,26.3
437,IRL,Ireland,EDUADULT,UPPSRY,PC_25_64,2014,37.845661,26.3
438,IRL,Ireland,EDUADULT,BUPPSRY,PC_25_64,2015,20.182577,25.4
439,IRL,Ireland,EDUADULT,TRY,PC_25_64,2015,42.806118,25.4
440,IRL,Ireland,EDUADULT,UPPSRY,PC_25_64,2015,37.011307,25.4
441,IRL,Ireland,EDUADULT,BUPPSRY,PC_25_64,2017,17.994549,24.5
443,IRL,Ireland,EDUADULT,TRY,PC_25_64,2017,45.658970000000004,24.5
445,IRL,Ireland,EDUADULT,UPPSRY,PC_25_64,2017,36.346481,24.5
447,IRL,Ireland,EDUADULT,BUPPSRY,PC_25_64,2018,16.825432,24.1
448,IRL,Ireland,EDUADULT,TRY,PC_25_64,2018,46.935134999999995,24.1
449,IRL,Ireland,EDUADULT,UPPSRY,PC_25_64,2018,36.239433,24.1
450,ITA,Italy,EDUADULT,BUPPSRY,PC_25_64,2009,45.698818,34.7
451,ITA,Italy,EDUADULT,TRY,PC_25_64,2009,14.510798000000001,34.7
452,ITA,Italy,EDUADULT,UPPSRY,PC_25_64,2009,39.790382,34.7
453,ITA,Italy,EDUADULT,BUPPSRY,PC_25_64,2010,44.825645,35.5
454,ITA,Italy,EDUADULT,TRY,PC_25_64,2010,14.802574,35.5
455,ITA,Italy,EDUADULT,UPPSRY,PC_25_64,2010,40.37178,35.5
456,ITA,Italy,EDUADULT,BUPPSRY,PC_25_64,2011,43.971539,35.8
457,ITA,Italy,EDUADULT,TRY,PC_25_64,2011,14.935372000000001,35.8
458,ITA,Italy,EDUADULT,UPPSRY,PC_25_64,2011,41.093086,35.8
459,ITA,Italy,EDUADULT,BUPPSRY,PC_25_64,2012,42.763065000000005,36.3
460,ITA,Italy,EDUADULT,TRY,PC_25_64,2012,15.708264000000002,36.3
461,ITA,Italy,EDUADULT,UPPSRY,PC_25_64,2012,41.528671,36.3
462,ITA,Italy,EDUADULT,BUPPSRY,PC_25_64,2013,41.84333,36.8
463,ITA,Italy,EDUADULT,TRY,PC_25_64,2013,16.289694,36.8
464,ITA,Italy,EDUADULT,UPPSRY,PC_25_64,2013,41.866974,36.8
465,ITA,Italy,EDUADULT,BUPPSRY,PC_25_64,2014,40.693222,36.4
466,ITA,Italy,EDUADULT,TRY,PC_25_64,2014,16.910578,36.4
467,ITA,Italy,EDUADULT,UPPSRY,PC_25_64,2014,42.396198,36.4
468,ITA,Italy,EDUADULT,BUPPSRY,PC_25_64,2015,40.108776,35.7
469,ITA,Italy,EDUADULT,TRY,PC_25_64,2015,17.546457,35.7
470,ITA,Italy,EDUADULT,UPPSRY,PC_25_64,2015,42.344765,35.7
471,ITA,Italy,EDUADULT,BUPPSRY,PC_25_64,2016,39.856853,34.4
472,ITA,Italy,EDUADULT,TRY,PC_25_64,2016,17.723593,34.4
473,ITA,Italy,EDUADULT,UPPSRY,PC_25_64,2016,42.419556,34.4
474,ITA,Italy,EDUADULT,BUPPSRY,PC_25_64,2017,39.084484,34.3
475,ITA,Italy,EDUADULT,TRY,PC_25_64,2017,18.669672,34.3
476,ITA,Italy,EDUADULT,UPPSRY,PC_25_64,2017,42.245841999999996,34.3
477,ITA,Italy,EDUADULT,BUPPSRY,PC_25_64,2018,38.252495,34.4
478,ITA,Italy,EDUADULT,TRY,PC_25_64,2018,19.323732,34.4
479,ITA,Italy,EDUADULT,UPPSRY,PC_25_64,2018,42.423771,34.4
480,JPN,Japan,EDUADULT,TRY,PC_25_64,2009,43.764038,18.4
481,JPN,Japan,EDUADULT,TRY,PC_25_64,2010,44.809975,18.3
482,JPN,Japan,EDUADULT,TRY,PC_25_64,2011,46.364063,18.0
483,JPN,Japan,EDUADULT,TRY,PC_25_64,2012,46.619377,17.9
484,JPN,Japan,EDUADULT,TRY,PC_25_64,2013,47.311993,17.7
485,JPN,Japan,EDUADULT,TRY,PC_25_64,2014,48.185074,17.5
486,JPN,Japan,EDUADULT,TRY,PC_25_64,2015,49.541573,17.4
487,JPN,Japan,EDUADULT,TRY,PC_25_64,2016,50.496956,17.3
488,JPN,Japan,EDUADULT,TRY,PC_25_64,2017,51.440529,17.1
489,JPN,Japan,EDUADULT,TRY,PC_25_64,2018,51.928062,17.0
490,KOR,Korea,EDUADULT,BUPPSRY,PC_25_64,2009,19.37129,9.9
492,KOR,Korea,EDUADULT,TRY,PC_25_64,2009,38.470245,9.9
494,KOR,Korea,EDUADULT,UPPSRY,PC_25_64,2009,42.158466,9.9
496,KOR,Korea,EDUADULT,BUPPSRY,PC_25_64,2010,19.059269,9.6
498,KOR,Korea,EDUADULT,TRY,PC_25_64,2010,39.044632,9.6
500,KOR,Korea,EDUADULT,UPPSRY,PC_25_64,2010,41.896099,9.6
502,KOR,Korea,EDUADULT,BUPPSRY,PC_25_64,2011,18.535269,9.8
504,KOR,Korea,EDUADULT,TRY,PC_25_64,2011,40.381783,9.8
506,KOR,Korea,EDUADULT,UPPSRY,PC_25_64,2011,41.082951,9.8
508,KOR,Korea,EDUADULT,BUPPSRY,PC_25_64,2012,17.488157,9.9
510,KOR,Korea,EDUADULT,TRY,PC_25_64,2012,41.746613,9.9
512,KOR,Korea,EDUADULT,UPPSRY,PC_25_64,2012,40.765228,9.9
514,KOR,Korea,EDUADULT,BUPPSRY,PC_25_64,2013,16.277796,10.1
516,KOR,Korea,EDUADULT,TRY,PC_25_64,2013,43.075195,10.1
518,KOR,Korea,EDUADULT,UPPSRY,PC_25_64,2013,40.647007,10.1
520,KOR,Korea,EDUADULT,BUPPSRY,PC_25_64,2014,15.002967000000002,10.0
522,KOR,Korea,EDUADULT,TRY,PC_25_64,2014,44.49865,10.0
524,KOR,Korea,EDUADULT,UPPSRY,PC_25_64,2014,40.498385999999996,10.0
526,KOR,Korea,EDUADULT,BUPPSRY,PC_25_64,2015,14.229398000000002,10.0
528,KOR,Korea,EDUADULT,TRY,PC_25_64,2015,45.356678,10.0
530,KOR,Korea,EDUADULT,UPPSRY,PC_25_64,2015,40.413925,10.0
532,KOR,Korea,EDUADULT,BUPPSRY,PC_25_64,2016,13.227958,10.0
534,KOR,Korea,EDUADULT,TRY,PC_25_64,2016,46.643951,10.0
536,KOR,Korea,EDUADULT,UPPSRY,PC_25_64,2016,40.12809,10.0
538,KOR,Korea,EDUADULT,BUPPSRY,PC_25_64,2017,12.388158,10.5
540,KOR,Korea,EDUADULT,TRY,PC_25_64,2017,47.744724,10.5
542,KOR,Korea,EDUADULT,UPPSRY,PC_25_64,2017,39.867115000000005,10.5
544,LUX,Luxembourg,EDUADULT,BUPPSRY,PC_25_64,2009,22.655592000000002,35.9
545,LUX,Luxembourg,EDUADULT,TRY,PC_25_64,2009,34.795971,35.9
546,LUX,Luxembourg,EDUADULT,UPPSRY,PC_25_64,2009,42.548435,35.9
547,LUX,Luxembourg,EDUADULT,BUPPSRY,PC_25_64,2010,22.322315,35.1
549,LUX,Luxembourg,EDUADULT,TRY,PC_25_64,2010,35.475895,35.1
551,LUX,Luxembourg,EDUADULT,UPPSRY,PC_25_64,2010,42.20179,35.1
553,LUX,Luxembourg,EDUADULT,BUPPSRY,PC_25_64,2011,22.742352,35.1
555,LUX,Luxembourg,EDUADULT,TRY,PC_25_64,2011,37.034779,35.1
557,LUX,Luxembourg,EDUADULT,UPPSRY,PC_25_64,2011,40.22287,35.1
559,LUX,Luxembourg,EDUADULT,BUPPSRY,PC_25_64,2012,21.69751,35.3
561,LUX,Luxembourg,EDUADULT,TRY,PC_25_64,2012,39.110382,35.3
563,LUX,Luxembourg,EDUADULT,UPPSRY,PC_25_64,2012,39.192108000000005,35.3
565,LUX,Luxembourg,EDUADULT,BUPPSRY,PC_25_64,2013,19.512997,34.8
567,LUX,Luxembourg,EDUADULT,TRY,PC_25_64,2013,40.673241,34.8
569,LUX,Luxembourg,EDUADULT,UPPSRY,PC_25_64,2013,39.813763,34.8
571,LUX,Luxembourg,EDUADULT,BUPPSRY,PC_25_64,2014,18.023409,34.1
573,LUX,Luxembourg,EDUADULT,TRY,PC_25_64,2014,45.935593,34.1
575,LUX,Luxembourg,EDUADULT,UPPSRY,PC_25_64,2014,36.041,34.1
577,LUX,Luxembourg,EDUADULT,BUPPSRY,PC_25_64,2015,25.391632,33.3
578,LUX,Luxembourg,EDUADULT,TRY,PC_25_64,2015,39.794865,33.3
579,LUX,Luxembourg,EDUADULT,UPPSRY,PC_25_64,2015,34.813503000000004,33.3
580,LUX,Luxembourg,EDUADULT,BUPPSRY,PC_25_64,2016,21.180861,32.3
581,LUX,Luxembourg,EDUADULT,TRY,PC_25_64,2016,42.856003,32.3
582,LUX,Luxembourg,EDUADULT,UPPSRY,PC_25_64,2016,35.963139,32.3
583,LUX,Luxembourg,EDUADULT,BUPPSRY,PC_25_64,2017,23.302259,32.1
584,LUX,Luxembourg,EDUADULT,TRY,PC_25_64,2017,40.325737,32.1
585,LUX,Luxembourg,EDUADULT,UPPSRY,PC_25_64,2017,36.372005,32.1
586,LUX,Luxembourg,EDUADULT,BUPPSRY,PC_25_64,2018,22.764822,31.8
587,LUX,Luxembourg,EDUADULT,TRY,PC_25_64,2018,43.886856,31.8
588,LUX,Luxembourg,EDUADULT,UPPSRY,PC_25_64,2018,33.34832,31.8
589,MEX,Mexico,EDUADULT,BUPPSRY,PC_25_64,2009,68.709137,14.5
591,MEX,Mexico,EDUADULT,TRY,PC_25_64,2009,14.308426999999998,14.5
593,MEX,Mexico,EDUADULT,UPPSRY,PC_25_64,2009,16.982433,14.5
595,MEX,Mexico,EDUADULT,BUPPSRY,PC_25_64,2010,67.913872,13.8
597,MEX,Mexico,EDUADULT,TRY,PC_25_64,2010,14.654601000000001,13.8
599,MEX,Mexico,EDUADULT,UPPSRY,PC_25_64,2010,17.431528,13.8
601,MEX,Mexico,EDUADULT,BUPPSRY,PC_25_64,2011,66.860298,14.7
602,MEX,Mexico,EDUADULT,TRY,PC_25_64,2011,15.012248999999999,14.7
603,MEX,Mexico,EDUADULT,UPPSRY,PC_25_64,2011,18.127449,14.7
604,MEX,Mexico,EDUADULT,BUPPSRY,PC_25_64,2012,66.01434300000001,14.0
605,MEX,Mexico,EDUADULT,TRY,PC_25_64,2012,15.709545,14.0
606,MEX,Mexico,EDUADULT,UPPSRY,PC_25_64,2012,18.276107999999997,14.0
607,MEX,Mexico,EDUADULT,BUPPSRY,PC_25_64,2013,65.20922900000001,13.8
608,MEX,Mexico,EDUADULT,TRY,PC_25_64,2013,16.201829999999998,13.8
609,MEX,Mexico,EDUADULT,UPPSRY,PC_25_64,2013,18.58894,13.8
610,MEX,Mexico,EDUADULT,BUPPSRY,PC_25_64,2014,64.907104,13.6
611,MEX,Mexico,EDUADULT,TRY,PC_25_64,2014,15.996382999999998,13.6
612,MEX,Mexico,EDUADULT,UPPSRY,PC_25_64,2014,19.096510000000002,13.6
613,MEX,Mexico,EDUADULT,BUPPSRY,PC_25_64,2015,64.336807,13.1
614,MEX,Mexico,EDUADULT,TRY,PC_25_64,2015,16.278801,13.1
615,MEX,Mexico,EDUADULT,UPPSRY,PC_25_64,2015,19.38439,13.1
616,MEX,Mexico,EDUADULT,BUPPSRY,PC_25_64,2016,63.365210999999995,12.7
617,MEX,Mexico,EDUADULT,TRY,PC_25_64,2016,16.818604999999998,12.7
618,MEX,Mexico,EDUADULT,UPPSRY,PC_25_64,2016,19.816181,12.7
619,MEX,Mexico,EDUADULT,BUPPSRY,PC_25_64,2017,62.338387,12.5
620,MEX,Mexico,EDUADULT,TRY,PC_25_64,2017,17.418995000000002,12.5
621,MEX,Mexico,EDUADULT,UPPSRY,PC_25_64,2017,20.242617000000003,12.5
622,MEX,Mexico,EDUADULT,BUPPSRY,PC_25_64,2018,60.853703,12.0
623,MEX,Mexico,EDUADULT,TRY,PC_25_64,2018,17.979799,12.0
624,MEX,Mexico,EDUADULT,UPPSRY,PC_25_64,2018,21.166498,12.0
625,NLD,Netherlands,EDUADULT,BUPPSRY,PC_25_64,2009,26.604006,19.1
627,NLD,Netherlands,EDUADULT,TRY,PC_25_64,2009,32.785396999999996,19.1
629,NLD,Netherlands,EDUADULT,UPPSRY,PC_25_64,2009,40.6106,19.1
631,NLD,Netherlands,EDUADULT,BUPPSRY,PC_25_64,2010,27.026422999999998,18.6
633,NLD,Netherlands,EDUADULT,TRY,PC_25_64,2010,32.389164,18.6
635,NLD,Netherlands,EDUADULT,UPPSRY,PC_25_64,2010,40.584415,18.6
637,NLD,Netherlands,EDUADULT,BUPPSRY,PC_25_64,2011,27.715985999999997,18.4
639,NLD,Netherlands,EDUADULT,TRY,PC_25_64,2011,32.041344,18.4
641,NLD,Netherlands,EDUADULT,UPPSRY,PC_25_64,2011,40.242668,18.4
643,NLD,Netherlands,EDUADULT,BUPPSRY,PC_25_64,2012,26.576496000000002,17.9
645,NLD,Netherlands,EDUADULT,TRY,PC_25_64,2012,34.398334999999996,17.9
647,NLD,Netherlands,EDUADULT,UPPSRY,PC_25_64,2012,39.025169,17.9
649,NLD,Netherlands,EDUADULT,BUPPSRY,PC_25_64,2013,24.204819,17.8
651,NLD,Netherlands,EDUADULT,TRY,PC_25_64,2013,33.869305,17.8
653,NLD,Netherlands,EDUADULT,UPPSRY,PC_25_64,2013,41.925877,17.8
655,NLD,Netherlands,EDUADULT,BUPPSRY,PC_25_64,2014,24.098568,18.1
656,NLD,Netherlands,EDUADULT,TRY,PC_25_64,2014,34.419815,18.1
657,NLD,Netherlands,EDUADULT,UPPSRY,PC_25_64,2014,41.481617,18.1
658,NLD,Netherlands,EDUADULT,BUPPSRY,PC_25_64,2015,23.600424,17.7
659,NLD,Netherlands,EDUADULT,TRY,PC_25_64,2015,35.330765,17.7
660,NLD,Netherlands,EDUADULT,UPPSRY,PC_25_64,2015,41.06881,17.7
661,NLD,Netherlands,EDUADULT,BUPPSRY,PC_25_64,2016,22.9333,17.3
662,NLD,Netherlands,EDUADULT,TRY,PC_25_64,2016,35.999168,17.3
663,NLD,Netherlands,EDUADULT,UPPSRY,PC_25_64,2016,41.067532,17.3
664,NLD,Netherlands,EDUADULT,BUPPSRY,PC_25_64,2017,21.618059,16.8
665,NLD,Netherlands,EDUADULT,TRY,PC_25_64,2017,37.16811,16.8
666,NLD,Netherlands,EDUADULT,UPPSRY,PC_25_64,2017,41.213829,16.8
667,NLD,Netherlands,EDUADULT,BUPPSRY,PC_25_64,2018,20.976793,16.4
668,NLD,Netherlands,EDUADULT,TRY,PC_25_64,2018,38.343895,16.4
669,NLD,Netherlands,EDUADULT,UPPSRY,PC_25_64,2018,40.67931,16.4
670,NZL,New Zealand,EDUADULT,BUPPSRY,PC_25_64,2009,27.84214,21.5
671,NZL,New Zealand,EDUADULT,BUPPSRY,PC_25_64,2010,26.960302000000002,21.4
672,NZL,New Zealand,EDUADULT,BUPPSRY,PC_25_64,2011,25.886049,20.5
673,NZL,New Zealand,EDUADULT,BUPPSRY,PC_25_64,2012,25.939383,20.3
674,NZL,New Zealand,EDUADULT,BUPPSRY,PC_25_64,2013,28.640007,19.5
675,NZL,New Zealand,EDUADULT,BUPPSRY,PC_25_64,2014,25.924784,18.5
676,NZL,New Zealand,EDUADULT,TRY,PC_25_64,2014,35.628941,18.5
677,NZL,New Zealand,EDUADULT,UPPSRY,PC_25_64,2014,38.446278,18.5
678,NZL,New Zealand,EDUADULT,BUPPSRY,PC_25_64,2015,25.277622,17.9
679,NZL,New Zealand,EDUADULT,TRY,PC_25_64,2015,34.040531,17.9
680,NZL,New Zealand,EDUADULT,UPPSRY,PC_25_64,2015,40.681847,17.9
681,NZL,New Zealand,EDUADULT,BUPPSRY,PC_25_64,2016,23.423424,18.3
683,NZL,New Zealand,EDUADULT,TRY,PC_25_64,2016,36.275139,18.3
685,NZL,New Zealand,EDUADULT,UPPSRY,PC_25_64,2016,40.301437,18.3
687,NZL,New Zealand,EDUADULT,BUPPSRY,PC_25_64,2017,21.118554999999997,18.7
689,NZL,New Zealand,EDUADULT,TRY,PC_25_64,2017,37.730431,18.7
691,NZL,New Zealand,EDUADULT,UPPSRY,PC_25_64,2017,41.151012,18.7
693,NZL,New Zealand,EDUADULT,BUPPSRY,PC_25_64,2018,19.542797,18.8
694,NZL,New Zealand,EDUADULT,TRY,PC_25_64,2018,39.292675,18.8
695,NZL,New Zealand,EDUADULT,UPPSRY,PC_25_64,2018,41.164528000000004,18.8
696,NOR,Norway,EDUADULT,BUPPSRY,PC_25_64,2009,19.276142,49.8
697,NOR,Norway,EDUADULT,TRY,PC_25_64,2009,36.698498,49.8
698,NOR,Norway,EDUADULT,UPPSRY,PC_25_64,2009,44.02536,49.8
699,NOR,Norway,EDUADULT,BUPPSRY,PC_25_64,2010,19.372442000000003,50.0
700,NOR,Norway,EDUADULT,TRY,PC_25_64,2010,37.284328,50.0
701,NOR,Norway,EDUADULT,UPPSRY,PC_25_64,2010,43.343231,50.0
702,NOR,Norway,EDUADULT,BUPPSRY,PC_25_64,2011,18.103582,49.3
703,NOR,Norway,EDUADULT,TRY,PC_25_64,2011,38.053513,49.3
704,NOR,Norway,EDUADULT,UPPSRY,PC_25_64,2011,43.842903,49.3
705,NOR,Norway,EDUADULT,BUPPSRY,PC_25_64,2012,17.945995,49.3
706,NOR,Norway,EDUADULT,TRY,PC_25_64,2012,38.561893,49.3
707,NOR,Norway,EDUADULT,UPPSRY,PC_25_64,2012,43.492111,49.3
708,NOR,Norway,EDUADULT,BUPPSRY,PC_25_64,2013,17.591412,49.3
710,NOR,Norway,EDUADULT,TRY,PC_25_64,2013,39.770252,49.3
712,NOR,Norway,EDUADULT,UPPSRY,PC_25_64,2013,42.638335999999995,49.3
714,NOR,Norway,EDUADULT,BUPPSRY,PC_25_64,2014,18.052679,49.7
716,NOR,Norway,EDUADULT,TRY,PC_25_64,2014,41.757915000000004,49.7
718,NOR,Norway,EDUADULT,UPPSRY,PC_25_64,2014,40.189403999999996,49.7
720,NOR,Norway,EDUADULT,BUPPSRY,PC_25_64,2015,17.628135999999998,49.3
721,NOR,Norway,EDUADULT,TRY,PC_25_64,2015,42.706734000000004,49.3
722,NOR,Norway,EDUADULT,UPPSRY,PC_25_64,2015,39.665131,49.3
723,NOR,Norway,EDUADULT,BUPPSRY,PC_25_64,2016,17.761009,49.3
725,NOR,Norway,EDUADULT,TRY,PC_25_64,2016,43.016758,49.3
727,NOR,Norway,EDUADULT,UPPSRY,PC_25_64,2016,39.222229,49.3
729,NOR,Norway,EDUADULT,BUPPSRY,PC_25_64,2017,18.030542,49.3
731,NOR,Norway,EDUADULT,TRY,PC_25_64,2017,43.207031,49.3
733,NOR,Norway,EDUADULT,UPPSRY,PC_25_64,2017,38.762423999999996,49.3
735,NOR,Norway,EDUADULT,BUPPSRY,PC_25_64,2018,17.522373,49.2
736,NOR,Norway,EDUADULT,TRY,PC_25_64,2018,43.575832,49.2
737,NOR,Norway,EDUADULT,UPPSRY,PC_25_64,2018,38.901794,49.2
738,POL,Poland,EDUADULT,BUPPSRY,PC_25_64,2009,12.027865,16.3
739,POL,Poland,EDUADULT,TRY,PC_25_64,2009,21.150869,16.3
740,POL,Poland,EDUADULT,UPPSRY,PC_25_64,2009,66.82126600000001,16.3
741,POL,Poland,EDUADULT,BUPPSRY,PC_25_64,2010,11.485272,18.3
742,POL,Poland,EDUADULT,TRY,PC_25_64,2010,22.468407,18.3
743,POL,Poland,EDUADULT,UPPSRY,PC_25_64,2010,66.046318,18.3
744,POL,Poland,EDUADULT,BUPPSRY,PC_25_64,2011,11.087381,17.0
745,POL,Poland,EDUADULT,TRY,PC_25_64,2011,23.283596,17.0
746,POL,Poland,EDUADULT,UPPSRY,PC_25_64,2011,65.629021,17.0
747,POL,Poland,EDUADULT,BUPPSRY,PC_25_64,2012,10.402209,15.4
748,POL,Poland,EDUADULT,TRY,PC_25_64,2012,24.512804,15.4
749,POL,Poland,EDUADULT,UPPSRY,PC_25_64,2012,65.08498399999999,15.4
750,POL,Poland,EDUADULT,BUPPSRY,PC_25_64,2014,9.4829636,15.0
751,POL,Poland,EDUADULT,TRY,PC_25_64,2014,26.995473999999998,15.0
752,POL,Poland,EDUADULT,UPPSRY,PC_25_64,2014,63.521564,15.0
753,POL,Poland,EDUADULT,BUPPSRY,PC_25_64,2016,8.6792269,12.7
754,POL,Poland,EDUADULT,TRY,PC_25_64,2016,28.711192999999998,12.7
755,POL,Poland,EDUADULT,UPPSRY,PC_25_64,2016,62.609581000000006,12.7
756,PRT,Portugal,EDUADULT,BUPPSRY,PC_25_64,2010,68.082458,19.6
757,PRT,Portugal,EDUADULT,TRY,PC_25_64,2010,15.445285,19.6
758,PRT,Portugal,EDUADULT,UPPSRY,PC_25_64,2010,16.472258,19.6
759,PRT,Portugal,EDUADULT,BUPPSRY,PC_25_64,2011,64.972481,18.7
760,PRT,Portugal,EDUADULT,TRY,PC_25_64,2011,17.25703,18.7
761,PRT,Portugal,EDUADULT,UPPSRY,PC_25_64,2011,17.770487,18.7
762,PRT,Portugal,EDUADULT,BUPPSRY,PC_25_64,2015,54.877064000000004,16.1
763,PRT,Portugal,EDUADULT,TRY,PC_25_64,2015,22.857506,16.1
764,PRT,Portugal,EDUADULT,UPPSRY,PC_25_64,2015,22.26543,16.1
765,PRT,Portugal,EDUADULT,BUPPSRY,PC_25_64,2016,53.091141,15.3
766,PRT,Portugal,EDUADULT,TRY,PC_25_64,2016,23.847389,15.3
767,PRT,Portugal,EDUADULT,UPPSRY,PC_25_64,2016,23.06147,15.3
768,SVK,Slovak Republic,EDUADULT,BUPPSRY,PC_25_64,2009,9.0549088,16.0
769,SVK,Slovak Republic,EDUADULT,TRY,PC_25_64,2009,15.762831,16.0
770,SVK,Slovak Republic,EDUADULT,UPPSRY,PC_25_64,2009,75.182259,16.0
771,SVK,Slovak Republic,EDUADULT,BUPPSRY,PC_25_64,2010,9.034791,15.2
772,SVK,Slovak Republic,EDUADULT,TRY,PC_25_64,2010,17.327984,15.2
773,SVK,Slovak Republic,EDUADULT,UPPSRY,PC_25_64,2010,73.63723,15.2
774,SVK,Slovak Republic,EDUADULT,BUPPSRY,PC_25_64,2011,8.738518699999998,14.1
775,SVK,Slovak Republic,EDUADULT,TRY,PC_25_64,2011,18.617317,14.1
776,SVK,Slovak Republic,EDUADULT,UPPSRY,PC_25_64,2011,72.644165,14.1
777,SVK,Slovak Republic,EDUADULT,BUPPSRY,PC_25_64,2012,8.2851295,13.6
778,SVK,Slovak Republic,EDUADULT,TRY,PC_25_64,2012,18.979084,13.6
779,SVK,Slovak Republic,EDUADULT,UPPSRY,PC_25_64,2012,72.735786,13.6
780,SVK,Slovak Republic,EDUADULT,BUPPSRY,PC_25_64,2013,8.2006197,13.3
781,SVK,Slovak Republic,EDUADULT,TRY,PC_25_64,2013,19.87734,13.3
782,SVK,Slovak Republic,EDUADULT,UPPSRY,PC_25_64,2013,71.922043,13.3
783,SVK,Slovak Republic,EDUADULT,BUPPSRY,PC_25_64,2014,9.1611462,12.8
784,SVK,Slovak Republic,EDUADULT,TRY,PC_25_64,2014,20.379578,12.8
785,SVK,Slovak Republic,EDUADULT,UPPSRY,PC_25_64,2014,70.459274,12.8
786,SVK,Slovak Republic,EDUADULT,BUPPSRY,PC_25_64,2015,8.7147398,11.7
787,SVK,Slovak Republic,EDUADULT,TRY,PC_25_64,2015,21.149881,11.7
788,SVK,Slovak Republic,EDUADULT,UPPSRY,PC_25_64,2015,70.13537600000001,11.7
789,SVK,Slovak Republic,EDUADULT,BUPPSRY,PC_25_64,2016,8.2509651,10.7
790,SVK,Slovak Republic,EDUADULT,TRY,PC_25_64,2016,21.979519,10.7
791,SVK,Slovak Republic,EDUADULT,UPPSRY,PC_25_64,2016,69.76951600000001,10.7
792,ESP,Spain,EDUADULT,BUPPSRY,PC_25_64,2009,48.375060999999995,18.3
794,ESP,Spain,EDUADULT,TRY,PC_25_64,2009,29.989544,18.3
796,ESP,Spain,EDUADULT,UPPSRY,PC_25_64,2009,21.635395000000003,18.3
798,ESP,Spain,EDUADULT,BUPPSRY,PC_25_64,2010,47.127037,18.3
800,ESP,Spain,EDUADULT,TRY,PC_25_64,2010,31.016668,18.3
802,ESP,Spain,EDUADULT,UPPSRY,PC_25_64,2010,21.856297,18.3
804,ESP,Spain,EDUADULT,BUPPSRY,PC_25_64,2011,45.960678,17.9
805,ESP,Spain,EDUADULT,TRY,PC_25_64,2011,31.914559999999998,17.9
806,ESP,Spain,EDUADULT,UPPSRY,PC_25_64,2011,22.124760000000002,17.9
807,ESP,Spain,EDUADULT,BUPPSRY,PC_25_64,2012,45.344112,18.2
808,ESP,Spain,EDUADULT,TRY,PC_25_64,2012,32.649994,18.2
809,ESP,Spain,EDUADULT,UPPSRY,PC_25_64,2012,22.005894,18.2
810,ESP,Spain,EDUADULT,BUPPSRY,PC_25_64,2013,44.545615999999995,17.9
811,ESP,Spain,EDUADULT,TRY,PC_25_64,2013,33.734821000000004,17.9
812,ESP,Spain,EDUADULT,UPPSRY,PC_25_64,2013,21.719563,17.9
813,ESP,Spain,EDUADULT,BUPPSRY,PC_25_64,2014,43.382374,16.8
814,ESP,Spain,EDUADULT,TRY,PC_25_64,2014,34.678776,16.8
815,ESP,Spain,EDUADULT,UPPSRY,PC_25_64,2014,21.93885,16.8
816,ESP,Spain,EDUADULT,BUPPSRY,PC_25_64,2015,42.565994,15.2
817,ESP,Spain,EDUADULT,TRY,PC_25_64,2015,35.081161,15.2
818,ESP,Spain,EDUADULT,UPPSRY,PC_25_64,2015,22.352846,15.2
819,ESP,Spain,EDUADULT,BUPPSRY,PC_25_64,2016,41.726074,14.8
820,ESP,Spain,EDUADULT,TRY,PC_25_64,2016,35.693489,14.8
821,ESP,Spain,EDUADULT,UPPSRY,PC_25_64,2016,22.580437,14.8
822,ESP,Spain,EDUADULT,BUPPSRY,PC_25_64,2017,40.925529,14.2
823,ESP,Spain,EDUADULT,TRY,PC_25_64,2017,36.351273,14.2
824,ESP,Spain,EDUADULT,UPPSRY,PC_25_64,2017,22.723195999999998,14.2
825,ESP,Spain,EDUADULT,BUPPSRY,PC_25_64,2018,39.884182,13.6
826,ESP,Spain,EDUADULT,TRY,PC_25_64,2018,37.252804,13.6
827,ESP,Spain,EDUADULT,UPPSRY,PC_25_64,2018,22.863016000000002,13.6
828,SWE,Sweden,EDUADULT,BUPPSRY,PC_25_64,2009,14.261110999999998,70.8
830,SWE,Sweden,EDUADULT,TRY,PC_25_64,2009,33.060085,70.8
832,SWE,Sweden,EDUADULT,UPPSRY,PC_25_64,2009,52.67880600000001,70.8
834,SWE,Sweden,EDUADULT,BUPPSRY,PC_25_64,2010,13.727367000000001,70.2
836,SWE,Sweden,EDUADULT,TRY,PC_25_64,2010,33.868935,70.2
838,SWE,Sweden,EDUADULT,UPPSRY,PC_25_64,2010,52.403698,70.2
840,SWE,Sweden,EDUADULT,BUPPSRY,PC_25_64,2011,12.964911,68.3
842,SWE,Sweden,EDUADULT,TRY,PC_25_64,2011,35.174355,68.3
844,SWE,Sweden,EDUADULT,UPPSRY,PC_25_64,2011,51.860733,68.3
846,SWE,Sweden,EDUADULT,BUPPSRY,PC_25_64,2012,12.497745,68.4
848,SWE,Sweden,EDUADULT,TRY,PC_25_64,2012,35.698952,68.4
850,SWE,Sweden,EDUADULT,UPPSRY,PC_25_64,2012,51.803307000000004,68.4
852,SWE,Sweden,EDUADULT,BUPPSRY,PC_25_64,2013,11.829718,68.0
854,SWE,Sweden,EDUADULT,TRY,PC_25_64,2013,37.034386,68.0
856,SWE,Sweden,EDUADULT,UPPSRY,PC_25_64,2013,51.135899,68.0
858,SWE,Sweden,EDUADULT,BUPPSRY,PC_25_64,2014,18.445162,67.7
860,SWE,Sweden,EDUADULT,TRY,PC_25_64,2014,38.700306,67.7
862,SWE,Sweden,EDUADULT,UPPSRY,PC_25_64,2014,42.85453,67.7
864,SWE,Sweden,EDUADULT,BUPPSRY,PC_25_64,2015,18.024088,67.8
866,SWE,Sweden,EDUADULT,TRY,PC_25_64,2015,39.786552,67.8
868,SWE,Sweden,EDUADULT,UPPSRY,PC_25_64,2015,42.189362,67.8
870,SWE,Sweden,EDUADULT,BUPPSRY,PC_25_64,2016,17.272491,66.9
872,SWE,Sweden,EDUADULT,TRY,PC_25_64,2016,41.139179,66.9
874,SWE,Sweden,EDUADULT,UPPSRY,PC_25_64,2016,41.588328999999995,66.9
876,SWE,Sweden,EDUADULT,BUPPSRY,PC_25_64,2017,17.003588,65.6
878,SWE,Sweden,EDUADULT,TRY,PC_25_64,2017,41.936690999999996,65.6
880,SWE,Sweden,EDUADULT,UPPSRY,PC_25_64,2017,41.059723,65.6
882,SWE,Sweden,EDUADULT,BUPPSRY,PC_25_64,2018,16.712725,64.9
883,SWE,Sweden,EDUADULT,TRY,PC_25_64,2018,43.247318,64.9
884,SWE,Sweden,EDUADULT,UPPSRY,PC_25_64,2018,40.039955,64.9
885,CHE,Switzerland,EDUADULT,BUPPSRY,PC_25_64,2009,13.083202,17.3
886,CHE,Switzerland,EDUADULT,TRY,PC_25_64,2009,35.020153,17.3
887,CHE,Switzerland,EDUADULT,UPPSRY,PC_25_64,2009,51.896645,17.3
888,CHE,Switzerland,EDUADULT,BUPPSRY,PC_25_64,2010,14.966760999999998,17.6
889,CHE,Switzerland,EDUADULT,TRY,PC_25_64,2010,33.881504,17.6
890,CHE,Switzerland,EDUADULT,UPPSRY,PC_25_64,2010,51.151737,17.6
891,CHE,Switzerland,EDUADULT,BUPPSRY,PC_25_64,2011,15.176706,17.0
892,CHE,Switzerland,EDUADULT,TRY,PC_25_64,2011,34.000178999999996,17.0
893,CHE,Switzerland,EDUADULT,UPPSRY,PC_25_64,2011,50.823112,17.0
894,CHE,Switzerland,EDUADULT,BUPPSRY,PC_25_64,2012,14.334973000000002,16.6
895,CHE,Switzerland,EDUADULT,TRY,PC_25_64,2012,35.291126,16.6
896,CHE,Switzerland,EDUADULT,UPPSRY,PC_25_64,2012,50.373901000000004,16.6
897,CHE,Switzerland,EDUADULT,BUPPSRY,PC_25_64,2013,13.589898999999999,16.6
898,CHE,Switzerland,EDUADULT,TRY,PC_25_64,2013,37.407191999999995,16.6
899,CHE,Switzerland,EDUADULT,UPPSRY,PC_25_64,2013,49.002911,16.6
900,CHE,Switzerland,EDUADULT,BUPPSRY,PC_25_64,2014,12.776213,16.1
901,CHE,Switzerland,EDUADULT,TRY,PC_25_64,2014,38.428497,16.1
902,CHE,Switzerland,EDUADULT,UPPSRY,PC_25_64,2014,48.795288,16.1
903,CHE,Switzerland,EDUADULT,BUPPSRY,PC_25_64,2015,12.704829,15.7
904,CHE,Switzerland,EDUADULT,TRY,PC_25_64,2015,39.782719,15.7
905,CHE,Switzerland,EDUADULT,UPPSRY,PC_25_64,2015,47.512451,15.7
906,CHE,Switzerland,EDUADULT,BUPPSRY,PC_25_64,2016,12.564119,15.3
907,CHE,Switzerland,EDUADULT,TRY,PC_25_64,2016,41.235473999999996,15.3
908,CHE,Switzerland,EDUADULT,UPPSRY,PC_25_64,2016,46.200404999999996,15.3
909,CHE,Switzerland,EDUADULT,BUPPSRY,PC_25_64,2017,12.191644,14.9
910,CHE,Switzerland,EDUADULT,TRY,PC_25_64,2017,42.594601000000004,14.9
911,CHE,Switzerland,EDUADULT,UPPSRY,PC_25_64,2017,45.213757,14.9
912,TUR,Turkey,EDUADULT,BUPPSRY,PC_25_64,2013,65.167839,6.3
913,TUR,Turkey,EDUADULT,TRY,PC_25_64,2013,15.907354999999999,6.3
914,TUR,Turkey,EDUADULT,UPPSRY,PC_25_64,2013,18.924805,6.3
915,TUR,Turkey,EDUADULT,BUPPSRY,PC_25_64,2014,64.367012,6.9
916,TUR,Turkey,EDUADULT,TRY,PC_25_64,2014,16.693634,6.9
917,TUR,Turkey,EDUADULT,UPPSRY,PC_25_64,2014,18.939352,6.9
918,TUR,Turkey,EDUADULT,BUPPSRY,PC_25_64,2015,63.007553,8.0
919,TUR,Turkey,EDUADULT,TRY,PC_25_64,2015,18.020138,8.0
920,TUR,Turkey,EDUADULT,UPPSRY,PC_25_64,2015,18.972310999999998,8.0
921,TUR,Turkey,EDUADULT,BUPPSRY,PC_25_64,2016,61.48654200000001,8.2
922,TUR,Turkey,EDUADULT,TRY,PC_25_64,2016,19.362528,8.2
923,TUR,Turkey,EDUADULT,UPPSRY,PC_25_64,2016,19.15093,8.2
924,TUR,Turkey,EDUADULT,BUPPSRY,PC_25_64,2017,60.708405000000006,8.6
925,TUR,Turkey,EDUADULT,TRY,PC_25_64,2017,20.013071,8.6
926,TUR,Turkey,EDUADULT,UPPSRY,PC_25_64,2017,19.278526,8.6
927,TUR,Turkey,EDUADULT,BUPPSRY,PC_25_64,2018,59.763054000000004,9.2
928,TUR,Turkey,EDUADULT,TRY,PC_25_64,2018,20.780222,9.2
929,TUR,Turkey,EDUADULT,UPPSRY,PC_25_64,2018,19.456722,9.2
930,GBR,United Kingdom,EDUADULT,BUPPSRY,PC_25_64,2009,26.256871999999998,27.4
932,GBR,United Kingdom,EDUADULT,TRY,PC_25_64,2009,36.984959,27.4
934,GBR,United Kingdom,EDUADULT,UPPSRY,PC_25_64,2009,36.758167,27.4
936,GBR,United Kingdom,EDUADULT,BUPPSRY,PC_25_64,2010,24.937599,26.6
938,GBR,United Kingdom,EDUADULT,TRY,PC_25_64,2010,38.187191,26.6
940,GBR,United Kingdom,EDUADULT,UPPSRY,PC_25_64,2010,36.875209999999996,26.6
942,GBR,United Kingdom,EDUADULT,BUPPSRY,PC_25_64,2011,23.167467000000002,26.0
944,GBR,United Kingdom,EDUADULT,TRY,PC_25_64,2011,39.412372999999995,26.0
946,GBR,United Kingdom,EDUADULT,UPPSRY,PC_25_64,2011,37.420158,26.0
948,GBR,United Kingdom,EDUADULT,BUPPSRY,PC_25_64,2012,21.91477,26.1
950,GBR,United Kingdom,EDUADULT,TRY,PC_25_64,2012,40.977753,26.1
952,GBR,United Kingdom,EDUADULT,UPPSRY,PC_25_64,2012,37.107475,26.1
954,GBR,United Kingdom,EDUADULT,BUPPSRY,PC_25_64,2013,20.849527,25.6
956,GBR,United Kingdom,EDUADULT,TRY,PC_25_64,2013,41.891979,25.6
958,GBR,United Kingdom,EDUADULT,UPPSRY,PC_25_64,2013,37.258495,25.6
960,GBR,United Kingdom,EDUADULT,BUPPSRY,PC_25_64,2014,20.834970000000002,25.0
962,GBR,United Kingdom,EDUADULT,TRY,PC_25_64,2014,42.217449,25.0
964,GBR,United Kingdom,EDUADULT,UPPSRY,PC_25_64,2014,36.947582000000004,25.0
966,GBR,United Kingdom,EDUADULT,BUPPSRY,PC_25_64,2015,20.38233,24.7
968,GBR,United Kingdom,EDUADULT,TRY,PC_25_64,2015,44.197987,24.7
970,GBR,United Kingdom,EDUADULT,UPPSRY,PC_25_64,2015,35.419685,24.7
972,GBR,United Kingdom,EDUADULT,BUPPSRY,PC_25_64,2016,19.253021,23.6
974,GBR,United Kingdom,EDUADULT,TRY,PC_25_64,2016,45.766762,23.6
976,GBR,United Kingdom,EDUADULT,UPPSRY,PC_25_64,2016,34.980216999999996,23.6
978,GBR,United Kingdom,EDUADULT,BUPPSRY,PC_25_64,2017,18.831131,23.3
980,GBR,United Kingdom,EDUADULT,TRY,PC_25_64,2017,45.744305,23.3
982,GBR,United Kingdom,EDUADULT,UPPSRY,PC_25_64,2017,35.424564000000004,23.3
984,GBR,United Kingdom,EDUADULT,BUPPSRY,PC_25_64,2018,20.707432,23.4
986,GBR,United Kingdom,EDUADULT,TRY,PC_25_64,2018,45.781677,23.4
988,GBR,United Kingdom,EDUADULT,UPPSRY,PC_25_64,2018,33.510891,23.4
990,USA,United States,EDUADULT,BUPPSRY,PC_25_64,2009,11.355431,11.8
991,USA,United States,EDUADULT,TRY,PC_25_64,2009,41.214626,11.8
992,USA,United States,EDUADULT,UPPSRY,PC_25_64,2009,47.429943,11.8
993,USA,United States,EDUADULT,BUPPSRY,PC_25_64,2010,11.030482000000001,11.4
994,USA,United States,EDUADULT,TRY,PC_25_64,2010,41.662415,11.4
995,USA,United States,EDUADULT,UPPSRY,PC_25_64,2010,47.307102,11.4
996,USA,United States,EDUADULT,BUPPSRY,PC_25_64,2011,10.741900999999999,11.3
997,USA,United States,EDUADULT,TRY,PC_25_64,2011,42.44838,11.3
998,USA,United States,EDUADULT,UPPSRY,PC_25_64,2011,46.809719,11.3
999,USA,United States,EDUADULT,BUPPSRY,PC_25_64,2012,10.692155,10.8
1000,USA,United States,EDUADULT,TRY,PC_25_64,2012,43.052437,10.8
1001,USA,United States,EDUADULT,UPPSRY,PC_25_64,2012,46.255409,10.8
1002,USA,United States,EDUADULT,BUPPSRY,PC_25_64,2013,10.371985,10.8
1003,USA,United States,EDUADULT,TRY,PC_25_64,2013,43.910252,10.8
1004,USA,United States,EDUADULT,UPPSRY,PC_25_64,2013,45.717762,10.8
1005,USA,United States,EDUADULT,BUPPSRY,PC_25_64,2014,10.429553,10.7
1006,USA,United States,EDUADULT,TRY,PC_25_64,2014,44.224616999999995,10.7
1007,USA,United States,EDUADULT,UPPSRY,PC_25_64,2014,45.345833,10.7
1008,USA,United States,EDUADULT,BUPPSRY,PC_25_64,2015,10.457861,10.6
1009,USA,United States,EDUADULT,TRY,PC_25_64,2015,44.629397999999995,10.6
1010,USA,United States,EDUADULT,UPPSRY,PC_25_64,2015,44.912739,10.6
1011,USA,United States,EDUADULT,BUPPSRY,PC_25_64,2016,9.852749800000002,10.3
1012,USA,United States,EDUADULT,TRY,PC_25_64,2016,45.666354999999996,10.3
1013,USA,United States,EDUADULT,UPPSRY,PC_25_64,2016,44.480896,10.3
1014,USA,United States,EDUADULT,BUPPSRY,PC_25_64,2017,9.3544931,10.3
1015,USA,United States,EDUADULT,TRY,PC_25_64,2017,46.3568,10.3
1016,USA,United States,EDUADULT,UPPSRY,PC_25_64,2017,44.288703999999996,10.3
1017,USA,United States,EDUADULT,BUPPSRY,PC_25_64,2018,9.176163699999998,10.1
1018,USA,United States,EDUADULT,TRY,PC_25_64,2018,47.431145,10.1
1019,USA,United States,EDUADULT,UPPSRY,PC_25_64,2018,43.392693,10.1
1020,CHL,Chile,EDUADULT,BUPPSRY,PC_25_64,2009,43.493384999999996,14.4
1021,CHL,Chile,EDUADULT,TRY,PC_25_64,2009,17.120726,14.4
1022,CHL,Chile,EDUADULT,UPPSRY,PC_25_64,2009,39.385891,14.4
1023,CHL,Chile,EDUADULT,BUPPSRY,PC_25_64,2011,42.320229,14.5
1024,CHL,Chile,EDUADULT,TRY,PC_25_64,2011,17.813892000000003,14.5
1025,CHL,Chile,EDUADULT,UPPSRY,PC_25_64,2011,39.865879,14.5
1026,CHL,Chile,EDUADULT,BUPPSRY,PC_25_64,2013,38.585766,14.8
1027,CHL,Chile,EDUADULT,TRY,PC_25_64,2013,21.089819,14.8
1028,CHL,Chile,EDUADULT,UPPSRY,PC_25_64,2013,40.324417,14.8
1029,CHL,Chile,EDUADULT,BUPPSRY,PC_25_64,2015,35.133507,16.1
1030,CHL,Chile,EDUADULT,TRY,PC_25_64,2015,22.475199,16.1
1031,CHL,Chile,EDUADULT,UPPSRY,PC_25_64,2015,42.391296000000004,16.1
1032,EST,Estonia,EDUADULT,BUPPSRY,PC_25_64,2009,11.327562,7.6
1034,EST,Estonia,EDUADULT,TRY,PC_25_64,2009,36.065544,7.6
1036,EST,Estonia,EDUADULT,UPPSRY,PC_25_64,2009,52.606894999999994,7.6
1038,EST,Estonia,EDUADULT,BUPPSRY,PC_25_64,2010,10.864561,8.2
1040,EST,Estonia,EDUADULT,TRY,PC_25_64,2010,35.423084,8.2
1042,EST,Estonia,EDUADULT,UPPSRY,PC_25_64,2010,53.712353,8.2
1044,EST,Estonia,EDUADULT,BUPPSRY,PC_25_64,2011,10.989735000000001,7.0
1046,EST,Estonia,EDUADULT,TRY,PC_25_64,2011,36.889767,7.0
1048,EST,Estonia,EDUADULT,UPPSRY,PC_25_64,2011,52.120499,7.0
1050,EST,Estonia,EDUADULT,BUPPSRY,PC_25_64,2012,10.076135,6.0
1052,EST,Estonia,EDUADULT,TRY,PC_25_64,2012,37.605877,6.0
1054,EST,Estonia,EDUADULT,UPPSRY,PC_25_64,2012,52.317989000000004,6.0
1056,EST,Estonia,EDUADULT,BUPPSRY,PC_25_64,2013,9.480652800000001,5.6
1058,EST,Estonia,EDUADULT,TRY,PC_25_64,2013,37.345535,5.6
1060,EST,Estonia,EDUADULT,UPPSRY,PC_25_64,2013,53.173813,5.6
1062,EST,Estonia,EDUADULT,BUPPSRY,PC_25_64,2014,11.895004,5.3
1064,EST,Estonia,EDUADULT,TRY,PC_25_64,2014,37.499953999999995,5.3
1066,EST,Estonia,EDUADULT,UPPSRY,PC_25_64,2014,50.605042,5.3
1068,EST,Estonia,EDUADULT,BUPPSRY,PC_25_64,2015,11.442164,4.5
1070,EST,Estonia,EDUADULT,TRY,PC_25_64,2015,38.030696999999996,4.5
1072,EST,Estonia,EDUADULT,UPPSRY,PC_25_64,2015,50.527138,4.5
1074,EST,Estonia,EDUADULT,BUPPSRY,PC_25_64,2016,11.104439999999999,5.0
1076,EST,Estonia,EDUADULT,TRY,PC_25_64,2016,38.756851,5.0
1078,EST,Estonia,EDUADULT,UPPSRY,PC_25_64,2016,50.138709999999996,5.0
1080,EST,Estonia,EDUADULT,BUPPSRY,PC_25_64,2017,11.317183,4.7
1082,EST,Estonia,EDUADULT,TRY,PC_25_64,2017,39.663879,4.7
1084,EST,Estonia,EDUADULT,UPPSRY,PC_25_64,2017,49.018936,4.7
1086,EST,Estonia,EDUADULT,BUPPSRY,PC_25_64,2018,10.810427,4.3
1087,EST,Estonia,EDUADULT,TRY,PC_25_64,2018,41.130722,4.3
1088,EST,Estonia,EDUADULT,UPPSRY,PC_25_64,2018,48.058849,4.3
1089,ISR,Israel,EDUADULT,BUPPSRY,PC_25_64,2012,15.451829,23.4
1091,ISR,Israel,EDUADULT,TRY,PC_25_64,2012,46.441711,23.4
1093,ISR,Israel,EDUADULT,UPPSRY,PC_25_64,2012,38.106457,23.4
1095,ISR,Israel,EDUADULT,BUPPSRY,PC_25_64,2017,12.625726,25.0
1096,ISR,Israel,EDUADULT,TRY,PC_25_64,2017,50.91605,25.0
1097,ISR,Israel,EDUADULT,UPPSRY,PC_25_64,2017,36.458225,25.0
1098,LVA,Latvia,EDUADULT,BUPPSRY,PC_25_64,2009,13.22369,15.1
1099,LVA,Latvia,EDUADULT,TRY,PC_25_64,2009,25.846195,15.1
1100,LVA,Latvia,EDUADULT,UPPSRY,PC_25_64,2009,60.930115,15.1
1101,LVA,Latvia,EDUADULT,BUPPSRY,PC_25_64,2010,11.396096,15.0
1102,LVA,Latvia,EDUADULT,TRY,PC_25_64,2010,26.946114,15.0
1103,LVA,Latvia,EDUADULT,UPPSRY,PC_25_64,2010,61.657791,15.0
1104,LVA,Latvia,EDUADULT,BUPPSRY,PC_25_64,2011,12.062219,13.6
1105,LVA,Latvia,EDUADULT,TRY,PC_25_64,2011,27.693270000000002,13.6
1106,LVA,Latvia,EDUADULT,UPPSRY,PC_25_64,2011,60.244510999999996,13.6
1107,LVA,Latvia,EDUADULT,BUPPSRY,PC_25_64,2012,10.897214,13.1
1108,LVA,Latvia,EDUADULT,TRY,PC_25_64,2012,29.227177,13.1
1109,LVA,Latvia,EDUADULT,UPPSRY,PC_25_64,2012,59.875609999999995,13.1
1110,LVA,Latvia,EDUADULT,BUPPSRY,PC_25_64,2013,10.645624,12.8
1111,LVA,Latvia,EDUADULT,TRY,PC_25_64,2013,31.011995000000002,12.8
1112,LVA,Latvia,EDUADULT,UPPSRY,PC_25_64,2013,58.342381,12.8
1113,LVA,Latvia,EDUADULT,BUPPSRY,PC_25_64,2014,13.338798,12.7
1114,LVA,Latvia,EDUADULT,TRY,PC_25_64,2014,30.230137,12.7
1115,LVA,Latvia,EDUADULT,UPPSRY,PC_25_64,2014,56.431065000000004,12.7
1116,LVA,Latvia,EDUADULT,BUPPSRY,PC_25_64,2015,12.217953,12.6
1117,LVA,Latvia,EDUADULT,TRY,PC_25_64,2015,31.591949,12.6
1118,LVA,Latvia,EDUADULT,UPPSRY,PC_25_64,2015,56.190098,12.6
1119,LVA,Latvia,EDUADULT,BUPPSRY,PC_25_64,2016,11.318077,12.3
1120,LVA,Latvia,EDUADULT,TRY,PC_25_64,2016,33.361481,12.3
1121,LVA,Latvia,EDUADULT,UPPSRY,PC_25_64,2016,55.32044200000001,12.3
1122,LVA,Latvia,EDUADULT,BUPPSRY,PC_25_64,2017,12.391879,12.2
1123,LVA,Latvia,EDUADULT,TRY,PC_25_64,2017,33.882294,12.2
1124,LVA,Latvia,EDUADULT,UPPSRY,PC_25_64,2017,53.725826,12.2
1125,LVA,Latvia,EDUADULT,BUPPSRY,PC_25_64,2018,12.368317999999999,11.9
1126,LVA,Latvia,EDUADULT,TRY,PC_25_64,2018,33.939289,11.9
1127,LVA,Latvia,EDUADULT,UPPSRY,PC_25_64,2018,53.69239399999999,11.9
1128,SVN,Slovenia,EDUADULT,BUPPSRY,PC_25_64,2009,16.713486,37.1
1129,SVN,Slovenia,EDUADULT,TRY,PC_25_64,2009,23.315817000000003,37.1
1130,SVN,Slovenia,EDUADULT,UPPSRY,PC_25_64,2009,59.97069499999999,37.1
1131,SVN,Slovenia,EDUADULT,BUPPSRY,PC_25_64,2010,16.689947,29.6
1132,SVN,Slovenia,EDUADULT,TRY,PC_25_64,2010,23.716619,29.6
1133,SVN,Slovenia,EDUADULT,UPPSRY,PC_25_64,2010,59.593433,29.6
1134,SVN,Slovenia,EDUADULT,BUPPSRY,PC_25_64,2011,15.523709,33.1
1135,SVN,Slovenia,EDUADULT,TRY,PC_25_64,2011,25.09059,33.1
1136,SVN,Slovenia,EDUADULT,UPPSRY,PC_25_64,2011,59.3857,33.1
1137,SVN,Slovenia,EDUADULT,BUPPSRY,PC_25_64,2012,15.027220999999999,23.9
1138,SVN,Slovenia,EDUADULT,TRY,PC_25_64,2012,26.439034999999997,23.9
1139,SVN,Slovenia,EDUADULT,UPPSRY,PC_25_64,2012,58.533744999999996,23.9
1140,SVN,Slovenia,EDUADULT,BUPPSRY,PC_25_64,2013,14.546692000000002,23.2
1141,SVN,Slovenia,EDUADULT,TRY,PC_25_64,2013,27.880540999999997,23.2
1142,SVN,Slovenia,EDUADULT,UPPSRY,PC_25_64,2013,57.572768999999994,23.2
1143,SVN,Slovenia,EDUADULT,BUPPSRY,PC_25_64,2014,14.274657000000001,26.4
1144,SVN,Slovenia,EDUADULT,TRY,PC_25_64,2014,28.600915999999998,26.4
1145,SVN,Slovenia,EDUADULT,UPPSRY,PC_25_64,2014,57.124428,26.4
1146,SVN,Slovenia,EDUADULT,BUPPSRY,PC_25_64,2015,13.213673000000002,20.9
1147,SVN,Slovenia,EDUADULT,TRY,PC_25_64,2015,30.173296,20.9
1148,SVN,Slovenia,EDUADULT,UPPSRY,PC_25_64,2015,56.613032999999994,20.9
1149,SVN,Slovenia,EDUADULT,BUPPSRY,PC_25_64,2016,12.655439999999999,20.4
1150,SVN,Slovenia,EDUADULT,TRY,PC_25_64,2016,30.735788,20.4
1151,SVN,Slovenia,EDUADULT,UPPSRY,PC_25_64,2016,56.608771999999995,20.4
1152,LTU,Lithuania,EDUADULT,BUPPSRY,PC_25_64,2009,8.6813269,10.0
1153,LTU,Lithuania,EDUADULT,TRY,PC_25_64,2009,30.958277000000002,10.0
1154,LTU,Lithuania,EDUADULT,UPPSRY,PC_25_64,2009,60.360397,10.0
1155,LTU,Lithuania,EDUADULT,BUPPSRY,PC_25_64,2010,8.1011848,10.1
1156,LTU,Lithuania,EDUADULT,TRY,PC_25_64,2010,32.440028999999996,10.1
1157,LTU,Lithuania,EDUADULT,UPPSRY,PC_25_64,2010,59.458785999999996,10.1
1158,LTU,Lithuania,EDUADULT,BUPPSRY,PC_25_64,2011,7.1331868,9.7
1159,LTU,Lithuania,EDUADULT,TRY,PC_25_64,2011,33.489258,9.7
1160,LTU,Lithuania,EDUADULT,UPPSRY,PC_25_64,2011,59.377556000000006,9.7
1161,LTU,Lithuania,EDUADULT,BUPPSRY,PC_25_64,2012,6.676203299999999,9.0
1162,LTU,Lithuania,EDUADULT,TRY,PC_25_64,2012,34.053779999999996,9.0
1163,LTU,Lithuania,EDUADULT,UPPSRY,PC_25_64,2012,59.270019999999995,9.0
1164,LTU,Lithuania,EDUADULT,BUPPSRY,PC_25_64,2013,6.5573592000000005,8.4
1165,LTU,Lithuania,EDUADULT,TRY,PC_25_64,2013,35.19833,8.4
1166,LTU,Lithuania,EDUADULT,UPPSRY,PC_25_64,2013,58.244312,8.4
1167,LTU,Lithuania,EDUADULT,BUPPSRY,PC_25_64,2014,8.8240929,8.1
1168,LTU,Lithuania,EDUADULT,TRY,PC_25_64,2014,36.668087,8.1
1169,LTU,Lithuania,EDUADULT,UPPSRY,PC_25_64,2014,54.507819999999995,8.1
1170,LTU,Lithuania,EDUADULT,BUPPSRY,PC_25_64,2015,8.644216499999999,7.9
1171,LTU,Lithuania,EDUADULT,TRY,PC_25_64,2015,38.724106,7.9
1172,LTU,Lithuania,EDUADULT,UPPSRY,PC_25_64,2015,52.63168,7.9
1173,LTU,Lithuania,EDUADULT,BUPPSRY,PC_25_64,2016,7.484356900000001,7.7
1174,LTU,Lithuania,EDUADULT,TRY,PC_25_64,2016,39.732628000000005,7.7
1175,LTU,Lithuania,EDUADULT,UPPSRY,PC_25_64,2016,52.783016,7.7
1176,LTU,Lithuania,EDUADULT,BUPPSRY,PC_25_64,2017,7.171962299999999,7.7
1177,LTU,Lithuania,EDUADULT,TRY,PC_25_64,2017,40.273941,7.7
1178,LTU,Lithuania,EDUADULT,UPPSRY,PC_25_64,2017,52.554095999999994,7.7
1179,LTU,Lithuania,EDUADULT,BUPPSRY,PC_25_64,2018,7.022464299999999,7.1
1180,LTU,Lithuania,EDUADULT,TRY,PC_25_64,2018,41.654594,7.1
1181,LTU,Lithuania,EDUADULT,UPPSRY,PC_25_64,2018,51.322941,7.1
